Title,Brand,Price,Prime,URL
"Maybelline New York Lash Sensational Sky High Washable Mascara Makeup, Volumizing, Lengthening, Defining, Curling, Multiplying, Buildable Formula, Very Black, 1 Count",Maybelline New York,$9.62,yes,https://www.amazon.com/Maybelline-Volumizing-Buildable-Lengthening-Multiplying/dp/B08H4FSGDW/ref=sr_1_11?qid=1689463112&s=beauty&sr=1-11
"L’Oréal Paris Makeup True Match Lumi Glotion, Natural Glow Enhancer, Illuminator Highlighter Skin Tint, for an All Day Radiant Glow, Medium, 1.35 Ounces",None,$12.97,yes,https://www.amazon.com/Paris-Makeup-True-Natural-Glow-Illuminator-Highlighter-Day-Radiant-Glow/dp/B074PTZCNX/ref=sr_1_12?qid=1689463112&s=beauty&sr=1-12
"URBAN DECAY Naked2 Basics Eyeshadow Palette, 6 Taupe & Brown Matte Neutral Shades - Ultra-Blendable, Rich Colors with Velvety Texture - Makeup Set Includes Mirror & Full-Size Pans - Great for Travel",URBAN DECAY,$33.00,yes,https://www.amazon.com/Naked2-Basics-Eyeshadow-Palette-Neutral/dp/B07LBLK57Q/ref=sr_1_13?qid=1689463112&s=beauty&sr=1-13
"IT Cosmetics Superhero Mascara - Super Black Elastic Stretch Volumizing & Lengthening Mascara - Lifts, Separates & Conditions Lashes - With Collagen, Biotin & Peptides",IT Cosmetics,$28.00,No,https://www.amazon.com/Cosmetics-Superhero-Elastic-Stretch-Volumizing/dp/B01AKTZFZU/ref=sr_1_14?qid=1689463112&s=beauty&sr=1-14
"NYX PROFESSIONAL MAKEUP Makeup Setting Spray, Matte Finish, 2.03 Fl Oz (Pack of 1)",NYX PROFESSIONAL MAKEUP,$7.99,yes,https://www.amazon.com/NYX-Professional-Makeup-Setting-Lasting/dp/B00B4YVU4G/ref=sr_1_15?qid=1689463112&s=beauty&sr=1-15
"L'Oreal Paris Voluminous Makeup Lash Paradise Mascara, Voluptuous Volume, Intense Length, Feathery Soft Full Lashes, No Flaking, No Smudging, No Clumping, Blackest Black, 1 Count, Packaging May Vary",L’Oréal Paris,$7.33,yes,https://www.amazon.com/LOreal-Paris-Voluminous-Paradise-Washable/dp/B06XF2TR11/ref=sr_1_16?qid=1689463112&s=beauty&sr=1-16
"Vespa Beauty Gel Eyeliner, Baroque",Vespa Beauty,"$22,00",No,https://www.amazon.com/sspa/click?ie=UTF8&spc=MTo1NzI3NDk1Nzg3NDk2NzA5OjE2ODk0NjMxMTI6c3BfbXRmX2Jyb3dzZToyMDAxNzMzOTc3NjEzOTg6OjA6Og&url=%2FGel-Eyeliner-Vespa-Beauty-Baroque%2Fdp%2FB09ZKQNBSV%2Fref%3Dsr_1_17_sspa%3Fqid%3D1689463112%26s%3Dbeauty%26sr%3D1-17-spons%26sp_csd%3Dd2lkZ2V0TmFtZT1zcF9tdGZfYnJvd3Nl%26psc%3D1
Eyebrow Pencil-Microblading Pencil for Eyebrows-Waterproof liquid Eyebrow Pencil - with a Micro Fork Tip Applicator-eyebrow microblading pen-Creates Natural Looking Eyebrow for daily eye Makeup（01#Light Brown）,Udream,"$13,99",yes,https://www.amazon.com/sspa/click?ie=UTF8&spc=MTo1NzI3NDk1Nzg3NDk2NzA5OjE2ODk0NjMxMTI6c3BfbXRmX2Jyb3dzZTozMDAwMDczMDQ3NDMyMDI6OjA6Og&url=%2FEyebrow-Pencil-Microblading-Pencil-Eyebrows-Waterproof-liquid%2Fdp%2FB0CB4W1JG2%2Fref%3Dsr_1_18_sspa%3Fqid%3D1689463112%26s%3Dbeauty%26sr%3D1-18-spons%26sp_csd%3Dd2lkZ2V0TmFtZT1zcF9tdGZfYnJvd3Nl%26psc%3D1
"LOVB LOVB Pudding Glow Korean Lip Tint | Long-Lasting Lip Gloss Tint for Glowy, Hydrated Lips | Moisturizing, Non-Sticky Glossy Lip Stain 0.14 Oz (01 RED BERRY)",LOVB LOVB,"$17,00",yes,https://www.amazon.com/sspa/click?ie=UTF8&spc=MTo1NzI3NDk1Nzg3NDk2NzA5OjE2ODk0NjMxMTI6c3BfbXRmX2Jyb3dzZToyMDAxNDU5ODc0Mjk3OTg6OjA6Og&url=%2FLOVB-Long-Lasting-Hydrated-Moisturizing-Non-Sticky%2Fdp%2FB0BRK6Q4CG%2Fref%3Dsr_1_19_sspa%3Fqid%3D1689463112%26s%3Dbeauty%26sr%3D1-19-spons%26sp_csd%3Dd2lkZ2V0TmFtZT1zcF9tdGZfYnJvd3Nl%26psc%3D1
"Black Waterproof Mascara for Eyelash, 5D Silk Fiber Liquid Colored Lash Extensions Mascara, Long Lasting Smudge-Proof Volumizing & Lengthening Color Mascara, Vegan & Hypoallergenic Eye Makeup - 01",Generic,"$7,99",yes,https://www.amazon.com/sspa/click?ie=UTF8&spc=MTo1NzI3NDk1Nzg3NDk2NzA5OjE2ODk0NjMxMTI6c3BfbXRmX2Jyb3dzZTozMDAwMTM5NzEyNDA3MDI6OjA6Og&url=%2FVoluminous-Lengthening-Waterproof-Smudge-Proof-Hypoallergenic%2Fdp%2FB0C9321151%2Fref%3Dsr_1_20_sspa%3Fqid%3D1689463112%26s%3Dbeauty%26sr%3D1-20-spons%26sp_csd%3Dd2lkZ2V0TmFtZT1zcF9tdGZfYnJvd3Nl%26psc%3D1
"essence | Lash Princess Curl Mascara | For Dramatic Curl & Volume | Vegan | Alcohol, Paraben Free | Cruelty Free",essence cosmetics,$4.99,yes,https://www.amazon.com/essence-Princess-Mascara-Dramatic-Fragrance/dp/B08VW5974C/ref=sr_1_21?qid=1689463112&s=beauty&sr=1-21
"e.l.f. Power Grip Primer, Gel-Based & Hydrating Face Primer For Smoothing Skin & Gripping Makeup, Moisturizes & Primes, 0.811 Fl Oz (24 ml)",e.l.f.,$9.99,yes,https://www.amazon.com/l-f-Gel-Based-Hydrating-Smoothing-Moisturizes/dp/B09XMYFTB7/ref=sr_1_22?qid=1689463112&s=beauty&sr=1-22
"MAYBELLINE Hyper Easy Liquid Pen No-Skip Eyeliner, Satin Finish, Waterproof Formula, Eye Liner Makeup, Pitch Black, 0.018 Fl Oz",Maybelline New York,$7.64,yes,https://www.amazon.com/Maybelline-New-York-Eyeliner-Waterproof/dp/B07W8JJ61X/ref=sr_1_23?qid=1689463112&s=beauty&sr=1-23
"e.l.f. Monochromatic Multi Stick, Luxuriously Creamy & Blendable Color, For Eyes, Lips & Cheeks, Dazzling Peony, 0.17 oz (5 g)",e.l.f.,$5.00,yes,https://www.amazon.com/l-f-Monochromatic-Multi-Cheeks-Dazzling/dp/B088W7L534/ref=sr_1_24?qid=1689463112&s=beauty&sr=1-24
"Garnier SkinActive Micellar Water for All Skin Types, Facial Cleanser & Makeup Remover, 13.5 Fl Oz (400mL), 1 Count (Packaging May Vary)",Garnier,$7.97,yes,https://www.amazon.com/Garnier-SkinActive-Micellar-Cleansing-Water/dp/B017PCGABI/ref=sr_1_25?qid=1689463112&s=beauty&sr=1-25
Cluster Lashes 240pcs 40D DIY Eyelash Extension D Curl Long Individual Lashes Mixed Tray Faux Mink Lash Clusters Extensions 0.07 0.10 Black (40D-0.07D-9-16mm),LAUBESS,$13.72,yes,https://www.amazon.com/DIY-Eyelash-Extension-Individual-40D-0-07D-9-16mm/dp/B09YYVHWSL/ref=sr_1_26?qid=1689463112&s=beauty&sr=1-26
"Babe Original Lash Essential Lash Serum - Fuller & Longer Looking Eyelashes, Lash Enhancing Serum, for Natural Lashes and Lash Extensions, 1mL, Starter Supply",BABE ORIGINAL,$29.00,yes,https://www.amazon.com/Babe-Lash-Eyelash-Beautiful-Strong-looking/dp/B07BKV4B6Q/ref=sr_1_27?qid=1689463112&s=beauty&sr=1-27
"Maybelline New York Instant Age Rewind Eraser Dark Circles Treatment Multi-Use Concealer, 110, 1 Count (Packaging May Vary)",None,$8.80,yes,https://www.amazon.com/Maybelline-New-York-Treatment-Multi-Use/dp/B004Y9GTOO/ref=sr_1_28?qid=1689463112&s=beauty&sr=1-28
"Revlon ColorStay Pencil Eyeliner with Built-in Sharpener, Waterproof, Smudgeproof, Longwearing Eye Makeup with Ultra-Fine Tip, 201 Black, 2 Pack",REVLON,$11.38,yes,https://www.amazon.com/ColorStay-Waterproof-Smudgeproof-Longwearing-Ultra-Fine/dp/B01J1A3TFW/ref=sr_1_29?qid=1689463112&rdc=1&s=beauty&sr=1-29
JUNO & Co. Clean 10 Cleansing Balm 10 Ingredients Makeup Remover 85g / 3.0oz,JUNO & Co.,$14.99,yes,https://www.amazon.com/JUNO-Co-Cleansing-Ingredients-Remover/dp/B08Q3CQM7X/ref=sr_1_30?qid=1689463112&s=beauty&sr=1-30
essence | Lash Princess Sculpted Volume Mascara | Paraben Free | Cruelty Free - Black (1-count),essence cosmetics,$4.99,yes,https://www.amazon.com/essence-Princess-Sculpted-Mascara-Cruelty/dp/B06WW9SJ5M/ref=sr_1_31?qid=1689463112&s=beauty&sr=1-31
"KISS Falscara DIY Eyelash Extension Remover with Natural Rosewater – Gentle Soothing Nourishing Eye Cleanser for Removal of Artificial False Synthetic Eyelashes, Lash Wisps, and Bond & Seal Adhesive",KISS,$6.49,yes,https://www.amazon.com/Kiss-KISS-Falscara-Eyelash-Remover/dp/B082MRBZZR/ref=sr_1_32?qid=1689463112&s=beauty&sr=1-32
VINNE Cushion Foundation – Essential Skin Nuder Makeup Foundation – SPF50 Sun Protection Cream Foundation – Dewy Finish and Natural Coverage – 12-Hour Long Lasting Korean Cushion Foundation- Refill not Included 0.42 Oz (#23 Natural Beige),None,"$29,99",yes,https://www.amazon.com/sspa/click?ie=UTF8&spc=MTo1NzI3NDk1Nzg3NDk2NzA5OjE2ODk0NjMxMTI6c3BfbXRmX2Jyb3dzZToyMDAxNzIwNDk5NzE4OTg6OjA6Og&url=%2FVINNE-Cushion-Foundation-Protection-Foundation%2Fdp%2FB0BT256689%2Fref%3Dsr_1_33_sspa%3Fqid%3D1689463112%26s%3Dbeauty%26sr%3D1-33-spons%26sp_csd%3Dd2lkZ2V0TmFtZT1zcF9tdGZfYnJvd3Nl%26psc%3D1
"Youngfocus 3D Silk Fiber Lash Mascara, Lengthening and Thick, Volume, Long Lasting, Waterproof & Smudge-Proof, All Day Full, Long, Thick, Smudge-Proof Eyelashes, Stay All Day Waterproof Liquid Eye Liner - Best Gift",youngfocus,"$14,99",yes,https://www.amazon.com/sspa/click?ie=UTF8&spc=MTo1NzI3NDk1Nzg3NDk2NzA5OjE2ODk0NjMxMTI6c3BfbXRmX2Jyb3dzZToyMDAxNjk0NTc4ODk0OTg6OjA6Og&url=%2FYoungfocus-Mascara-Thickening-Lengthening-Non-Toxic%2Fdp%2FB06XC5LL3S%2Fref%3Dsr_1_34_sspa%3Fqid%3D1689463112%26s%3Dbeauty%26sr%3D1-34-spons%26sp_csd%3Dd2lkZ2V0TmFtZT1zcF9tdGZfYnJvd3Nl%26psc%3D1
"JOURN Alpenglow Purple Concealer Color Corrector - Concealer- Brightens, Evens Out Skin, and Minimize Fine Lines - All Skin Tones - Vegan, Gluten, & Cruelty Free (12 ml)",None,"$29,99",yes,https://www.amazon.com/sspa/click?ie=UTF8&spc=MTo1NzI3NDk1Nzg3NDk2NzA5OjE2ODk0NjMxMTI6c3BfbXRmX2Jyb3dzZToyMDAxMjcxNjEwOTY4OTg6OjA6Og&url=%2FJOURN-Alpenglow-Purple-Concealer-Corrector%2Fdp%2FB0BGRZ4F8Z%2Fref%3Dsr_1_35_sspa%3Fqid%3D1689463112%26s%3Dbeauty%26sr%3D1-35-spons%26sp_csd%3Dd2lkZ2V0TmFtZT1zcF9tdGZfYnJvd3Nl%26psc%3D1
Buxom Lash Volumizing Mascara,Buxom,$25.00 ,yes,https://www.amazon.com/sspa/click?ie=UTF8&spc=MTo1NzI3NDk1Nzg3NDk2NzA5OjE2ODk0NjMxMTI6c3BfbXRmX2Jyb3dzZToyMDAxNTM1OTg0MjE5OTg6OjA6Og&url=%2FBuxom-Waterproof-Volumizing-Mascara-Blackest%2Fdp%2FB07PSR8WMW%2Fref%3Dsr_1_36_sspa%3Fqid%3D1689463112%26s%3Dbeauty%26sr%3D1-36-spons%26sp_csd%3Dd2lkZ2V0TmFtZT1zcF9tdGZfYnJvd3Nl%26psc%3D1
"NYX PROFESSIONAL MAKEUP Epic Ink Liner, Waterproof Liquid Eyeliner - Black, Vegan Formula",NYX PROFESSIONAL MAKEUP,"$8,00",No,https://www.amazon.com/NYX-PROFESSIONAL-MAKEUP-Waterproof-Eyeliner/dp/B074Y8LM6T/ref=sr_1_37?qid=1689463112&s=beauty&sr=1-37
"Organic Castor Oil for Eyelashes and Eyebrows - 16 fl oz, USDA Organic, Pure Hexane-Free Moisturizer Traditionally Used for Hair Growth, Natural Skin and Eyelash Serum, Cold Pressed with Beauty Kit",None,$14.99,yes,https://www.amazon.com/Viva-Naturals-Certified-Organic-Castor/dp/B071RD69HX/ref=sr_1_38?qid=1689463112&s=beauty&sr=1-38
"NYX PROFESSIONAL MAKEUP Mechanical Eyeliner Pencil, Black",NYX PROFESSIONAL MAKEUP,$5.79,yes,https://www.amazon.com/NYX-Mechanical-Eye-Pencil-Black/dp/B005G9E9AW/ref=sr_1_39?qid=1689463112&s=beauty&sr=1-39
"L'Oréal Paris Makeup Telescopic Original Lengthening Mascara, Black, 0.27 Fl Oz (1 Count)",L’Oréal Paris,"$9,49",yes,https://www.amazon.com/Paris-Telescopic-Original-Lengthening-Mascara/dp/B004BCZ5SU/ref=sr_1_40?qid=1689463112&s=beauty&sr=1-40
NYX PROFESSIONAL MAKEUP The Brow Glue Instant Brow Styler,NYX PROFESSIONAL MAKEUP,"$7,95",No,https://www.amazon.com/NYX-PROFESSIONAL-MAKEUP-Instant-Styler/dp/B08M58SWB1/ref=sr_1_41?qid=1689463112&s=beauty&sr=1-41
"Garnier SkinActive Micellar Water For Waterproof Makeup, Facial Cleanser & Makeup Remover, 13.5 Fl Oz (400mL), 1 Count (Packaging May Vary)",Garnier,$8.97,yes,https://www.amazon.com/Garnier-SkinActive-Micellar-Cleansing-Waterproof/dp/B017PCGAXQ/ref=sr_1_42?qid=1689463112&s=beauty&sr=1-42
"L'Oréal Paris Makeup Magic Skin Beautifier Anti-Redness BB Cream Tinted Moisturizer, 1 Ounce",L’Oréal Paris,$8.99,yes,https://www.amazon.com/LOr%C3%A9al-Paris-Beautifier-Moisturizer-Anti-Redness/dp/B00L2SNFPQ/ref=sr_1_43?qid=1689463112&s=beauty&sr=1-43
"Peripera Ink the Velvet Lip Tint, Liquid Lip (0.14 fl oz, 017 ROSY NUDE)",Peripera,$9.70,yes,https://www.amazon.com/Peripera-Velvet-Tint-Liquid-0-14/dp/B08XWHJLT6/ref=sr_1_44?qid=1689463112&s=beauty&sr=1-44
"Honest Beauty 2-in-1 Extreme Length Clean Mascara + Lash Primer | Lengthening + Volumizing | EWG Verified, Vegan + Cruelty Free | Black, .27 fl oz",Honest Beauty,$17.99,yes,https://www.amazon.com/Honest-Beauty-Extreme-Length-Mascara/dp/B07F462B2D/ref=sr_1_45?qid=1689463112&s=beauty&sr=1-45
"NYX PROFESSIONAL MAKEUP Jumbo Eye Pencil, Eyeshadow & Eyeliner Pencil - Milk",NYX PROFESSIONAL MAKEUP,$5.47,yes,https://www.amazon.com/NYX-PROFESSIONAL-MAKEUP-Jumbo-Pencil/dp/B001TK4LM8/ref=sr_1_46?qid=1689463112&s=beauty&sr=1-46
NYX PROFESSIONAL MAKEUP Control Freak Eyebrow Gel - Clear,NYX PROFESSIONAL MAKEUP,$6.65,yes,https://www.amazon.com/NYX-PROFESSIONAL-MAKEUP-Control-Eyebrow/dp/B00INCDKDQ/ref=sr_1_47?qid=1689463112&s=beauty&sr=1-47
"Premium Eyelash Serum by VieBeauti, Lash Boosting Serum for Longer, Fuller Thicker Looking Lashes (3ML), (Packaging May Vary)",VieBeauti,"$28,99",yes,https://www.amazon.com/Premium-Eyelash-Eyebrow-Enhancer-VieBeauti/dp/B07R69YCX4/ref=sr_1_48?qid=1689463112&s=beauty&sr=1-48
essence | Volume Booster Lash Primer Mascara | Infused with Mango Butter and Acai Oil for Nurtured Lashes | Conditioning Mascara Primer | White | Vegan | Paraben & Cruelty Free (Pack of 1),essence cosmetics,$4.99,yes,https://www.amazon.com/essence-Booster-Lash-Primer-Clear/dp/B079X4DB3J/ref=sr_1_49?qid=1689463112&s=beauty&sr=1-49
"L'Oreal Paris Makeup Voluminous Lash Boosting Conditioning Primer Mascara, White Primer, 0.24 fl; oz.",L’Oréal Paris,$8.63,yes,https://www.amazon.com/Paris-Voluminous-Boosting-Conditioning-Mascara/dp/B01DPA6OHO/ref=sr_1_50?qid=1689463112&s=beauty&sr=1-50
"Babe Original Babe Lash Essential Eyelash Premium Growth Serum - Fuller & Longer Looking Voluminous Eyelashes, Advanced Lash Enhancing Treatment for Natural Lashes, Extensions & Eyebrows, Vegan & Cruelty-Free",BABE ORIGINAL,$49.00,yes,https://www.amazon.com/Babe-Lash-Essential-Serum-Extensions/dp/B01C2EFBZU/ref=sr_1_51?qid=1689463112&s=beauty&sr=1-51
"Elizabeth Mott Thank Me Later Eye Primer for Long-Lasting Makeup, Clear Waterproof Eyeshadow Base to Prevent Oily Lids and Creasing, 10g",Elizabeth Mott,$13.99,yes,https://www.amazon.com/Elizabeth-Mott-Long-Lasting-Waterproof-Eyeshadow/dp/B018JDMD4K/ref=sr_1_52?qid=1689463112&s=beauty&sr=1-52
"Maybelline New York Lash Sensational Washable Mascara, Lengthening and Volumizing for a Full Fan Effect, Blackest Black, 1 Count",Maybelline New York,"$8,00",yes,https://www.amazon.com/Maybelline-Sensational-Washable-Mascara-Blackest/dp/B00PFCT2R0/ref=sr_1_53?qid=1689463112&s=beauty&sr=1-53
"NYX PROFESSIONAL MAKEUP Butter Gloss, Non-Sticky Lip Gloss - Sugar Glass (Clear)",NYX PROFESSIONAL MAKEUP,$4.97,yes,https://www.amazon.com/NYX-PROFESSIONAL-MAKEUP-Butter-Non-Sticky/dp/B09SP2XHKT/ref=sr_1_54?qid=1689463112&s=beauty&sr=1-54
Milani Make It Last 3-in-1 Setting Spray and Primer- Prime + Correct + Set (2.03 Fl. Oz.) Makeup Finishing Spray and Primer - Long Lasting,Milani,"$9,35",yes,https://www.amazon.com/Milani-Setting-Spray-Prime-Correct/dp/B01N9KIKZA/ref=sr_1_55?qid=1689463112&s=beauty&sr=1-55
"Lancôme Cils Booster XL Enhancing Mascara Primer - Vitamin-Infused Conditioning Lash Primer - With Micro-Fibers, Vitamin B5 & Vitamin E",Lancôme,$30.00 ,yes,https://www.amazon.com/Lanc%C3%B4me-Cils-Booster-Enhancing-Primer/dp/B018ZXEO50/ref=sr_1_56?qid=1689463112&s=beauty&sr=1-56
"e.l.f., Instant Lift Brow Pencil, Dual-Sided, Precise, Fine Tip, Shapes, Defines, Fills Brows, Contours, Combs, Tames, Neutral Brown, 0.006 Oz",e.l.f.,$3.00,yes,https://www.amazon.com/Instant-Dual-Sided-Precise-Defines-Contours/dp/B00WAJAKOU/ref=sr_1_57?qid=1689463112&s=beauty&sr=1-57
"e.l.f. Cosmetics Brow Lift, Clear Eyebrow Shaping Wax For Holding Brows In Place, Creates A Fluffy Feathered Look",e.l.f.,$6.00,yes,https://www.amazon.com/l-f-Cosmetics-Eyebrow-Shaping-Feathered/dp/B0B42ZB835/ref=sr_1_58?qid=1689463112&s=beauty&sr=1-58
"Lancôme Lash Idôle Mascara - Lifting, Volumizing & Lengthening Mascara - Smudge Proof & Up To 24H Wear - Black",Lancôme,$30.00 ,yes,https://www.amazon.com/Lancome-Lifting-Volumizing-Mascara-Glossy/dp/B08TPCHYLW/ref=sr_1_59?qid=1689463112&s=beauty&sr=1-59
Anastasia Beverly Hills - Brow Wiz,Anastasia Beverly Hills,$22.50 ,yes,https://www.amazon.com/Anastasia-Beverly-Hills-Medium-Brown/dp/B01M5CZAXM/ref=sr_1_60?qid=1689463112&s=beauty&sr=1-60
"Neutrogena Gentle OilFree Eye Makeup Remover Cleanser for Sensitive Eyes NonGreasy Remover Removes Waterproof Mascara Dermatologist Ophthalmologist Tested, 8 Fl Oz",Neutrogena,$8.79,yes,https://www.amazon.com/Neutrogena-Non-Greasy-Waterproof-Dermatologist-Ophthalmologist/dp/B07T9JV956/ref=sr_1_53?qid=1689463115&s=beauty&sr=1-53
"NYX PROFESSIONAL MAKEUP Micro Brow Pencil, Eyebrow Pencil, Espresso, 1 Count",NYX PROFESSIONAL MAKEUP,$9.24,yes,https://www.amazon.com/NYX-PROFESSIONAL-MAKEUP-Eyebrow-Espresso/dp/B00WZQTCS8/ref=sr_1_54?qid=1689463115&s=beauty&sr=1-54
City Beauty City Lips Clear - Plumping Lip Gloss - Hydrate & Volumize - All-Day Wear - Hyaluronic Acid & Peptides Visibly Smooth Lip Wrinkles - Cruelty-Free,City Beauty,$31.50 ,yes,https://www.amazon.com/City-Beauty-Lips-Hyaluronic-Cruelty-Free/dp/B094LT5LM4/ref=sr_1_55?qid=1689463115&s=beauty&sr=1-55
KISS Falscara DIY Eyelash Extension Lengthening Wisps - Featherlight Synthetic Reusable Artificial Eyelashes Multipack of 24 Mini Lash Clusters for that Authentic Eyelash Extension Look,KISS,$6.37,yes,https://www.amazon.com/KISS-Falscara-Eyelash-Extension-Lengthening/dp/B08SQPT4W1/ref=sr_1_56?qid=1689463115&s=beauty&sr=1-56
"Catrice | Under Eye Brightener | Conceal & Brighten Dark Circles | With Hyaluronic Acid & Shea Butter | Vegan & Cruelty Free | Made Without Parabens, Alcohol, & Microplastic Particles",Catrice,$6.00,yes,https://www.amazon.com/Catrice-Brightener-Hyaluronic-Microplastic-Particles/dp/B09V1CPTR1/ref=sr_1_57?qid=1689463115&s=beauty&sr=1-57
"Maybelline New York The Falsies Lash Lift Washable Mascara Volumizing, Lengthening, Lifting, Curling, Multiplying, Eye Makeup, Blackest Black, 1 Count",Maybelline New York,"$8,50",yes,https://www.amazon.com/Maybelline-Washable-Volumizing-Lengthening-Multiplying/dp/B07W3PVLW4/ref=sr_1_58?qid=1689463115&s=beauty&sr=1-58
"e.l.f. No Budge Retractable Eyeliner, Creamy, Ultra-Pigmented & Waterproof, Creates Bold & Defined Lines, Vegan & Cruelty-Free, Black 0.006 Oz",e.l.f.,$4.00,yes,https://www.amazon.com/l-f-Cosmetics-retractable-eyeliner-waterproof/dp/B07MWSXPT1/ref=sr_1_59?qid=1689463115&s=beauty&sr=1-59
Lash Clusters DIY Eyelash Extensions 72 Clusters Lashes C D Curl B&Q LASH Mega Volume Individual Lashes Eyelash Clusters Extensions Wispy Lashes Cluster DIY at Home (NM-D-8-16MIX),B&Qaugen,$9.99,yes,https://www.amazon.com/Clusters-Eyelash-Extensions-Individual-NM-D-8-16MIX/dp/B09WHWZS2P/ref=sr_1_60?qid=1689463115&s=beauty&sr=1-60
L’Oréal Paris AGE PERFECT FACE BLURRING PRIMER,L’Oréal Paris,$9.93,yes,https://www.amazon.com/AGE-PERFECT-FACE-BLURRING-PRIMER/dp/B08GR6FPZX/ref=sr_1_61?qid=1689463115&s=beauty&sr=1-61
"KISS imPRESS Press-On Falsies Eyelash Clusters Kit, Natural, Black, Fuss Free, Invisible Band, Natural, 24 Hours, No Damage, No Sticky Residue, Gorgeous, Flawless, Quick & Easy | 20 Clusters",imPRESS,$14.97,yes,https://www.amazon.com/imPRESS-Clusters-Invisible-Gorgeous-Flawless/dp/B0BX48DR1X/ref=sr_1_62?qid=1689463115&s=beauty&sr=1-62
"Grande Cosmetics GrandeMASCARA Conditioning, Black, 0.20 Ounce (Pack of 1)",Grande Cosmetics,"$15,00",yes,https://www.amazon.com/Grande-Cosmetics-GN1005-GrandeMASCARA-Black/dp/B00BEZNBJ2/ref=sr_1_63?qid=1689463115&s=beauty&sr=1-63
"e.l.f. Hydrating Face Primer, Makeup Primer For Flawless, Smooth Skin & Long-Lasting Makeup, Fills In Pores & Fine Lines, Vegan & Cruelty-free, Small",e.l.f.,$7.49,yes,https://www.amazon.com/Hydrating-Lightweight-Lasting-Hydrates-Smooths/dp/B00HVI8WYU/ref=sr_1_64?qid=1689463115&s=beauty&sr=1-64
"twenty/twenty beauty Visionary Eye Shadow Stick, Shimmer Cream Eyeshadow Pencil, Long-Lasting Makeup that's Safe for Sensitive & Dry Eyes, Ophthalmologist Tested (Private Eye)",twenty/twenty beauty,"$24,00",yes,https://www.amazon.com/sspa/click?ie=UTF8&spc=MTozMTAwNTM0ODE1OTk1Nzk0OjE2ODk0NjMxMTU6c3BfbXRmX2Jyb3dzZToyMDAxMjIwOTQzNzI5OTg6OjA6Og&url=%2Ftwenty-beauty-Visionary-Hydrating-Cruelty-Free%2Fdp%2FB0BCR977Y2%2Fref%3Dsr_1_68_sspa%3Fqid%3D1689463115%26s%3Dbeauty%26sr%3D1-68-spons%26sp_csd%3Dd2lkZ2V0TmFtZT1zcF9tdGZfYnJvd3Nl%26psc%3D1
"NYX PROFESSIONAL MAKEUP Marshmellow Smoothing Primer, Vegan Face Primer, 10-In-1 Skin Benefits",NYX PROFESSIONAL MAKEUP,$12.74,yes,https://www.amazon.com/NYX-PROFESSIONAL-MAKEUP-Marshmellow-Smoothing/dp/B08MRHLJ53/ref=sr_1_69?qid=1689463115&s=beauty&sr=1-69
"Maybelline New York The Blushed Nudes Eyeshadow Palette Makeup, 12 Pigmented Matte & Shimmer Shades, Blendable Powder, 1 Count",Maybelline New York,$7.41,yes,https://www.amazon.com/Maybelline-New-York-Blushed-Nudes/dp/B00UKP1M2K/ref=sr_1_70?qid=1689463115&s=beauty&sr=1-70
"Maybelline New York Total Temptation Eyebrow Definer Pencil, Soft Brown, 1 Count",Maybelline New York,$8.97,yes,https://www.amazon.com/Maybelline-Temptation-Eyebrow-Definer-Pencil/dp/B074VD4X7W/ref=sr_1_71?qid=1689463115&s=beauty&sr=1-71
"Maybelline New York Dream Fresh Skin Hydrating BB cream, 8-in-1 Skin Perfecting Beauty Balm with Broad Spectrum SPF 30, Sheer Tint Coverage, Oil-Free, Light/Medium, 1 Fl Oz",None,$6.90,yes,https://www.amazon.com/Maybelline-Dream-Fresh-Medium-Packaging/dp/B008C13146/ref=sr_1_72?qid=1689463115&s=beauty&sr=1-72
"NYX PROFESSIONAL MAKEUP Mechanical Eyeliner Pencil, Brown",NYX PROFESSIONAL MAKEUP,$6.47,yes,https://www.amazon.com/NYX-Mechanical-Eye-Pencil-Brown/dp/B005G9E9FW/ref=sr_1_73?qid=1689463115&s=beauty&sr=1-73
"RevitaLash Cosmetics, RevitaLash Advanced Eyelash Conditioner, Lash Enhancing Serum, Physician Developed & Cruelty Free",RevitaLash Cosmetics,$100.00,yes,https://www.amazon.com/RevitaLash-Cosmetics-Conditioner-Physician-Developed/dp/B005CVGJFM/ref=sr_1_74?qid=1689463115&s=beauty&sr=1-74
"Grande Cosmetics GrandeBROW Brow Enhancing Serum, 8 Week Starter Supply , 1.5mL",Grande Cosmetics,$38.00,yes,https://www.amazon.com/Grande-Cosmetics-GrandeBROW-Enhancing-Starter/dp/B082WZJ69R/ref=sr_1_75?qid=1689463115&s=beauty&sr=1-75
"NOONI Korean Lip Oil - Appleberry | Lip Stain, Gift, Moisturizing, Revitalizing, and Tinting for Dry Lips with Raspberry Fruit Extract, 0.12 Fl Oz",NOONI,$9.60,yes,https://www.amazon.com/Nooni-Korean-Lip-Oil-Moisturizing/dp/B07CG7JCT8/ref=sr_1_76?qid=1689463115&s=beauty&sr=1-76
"Julep Eyeshadow 101 Crème to Powder Waterproof Eyeshadow Stick, Champagne Shimmer",Julep,$16.00,yes,https://www.amazon.com/Julep-Eyeshadow-Hypoallergenic-Waterproof-Available/dp/B01LW1983J/ref=sr_1_77?qid=1689463115&s=beauty&sr=1-77
"Garnier SkinActive Micellar Water with Vitamin C, Facial Cleanser & Makeup Remover, 13.5 Fl Oz (400mL), 2 Count (Packaging May Vary)",Garnier,$15.95,yes,https://www.amazon.com/Garnier-SkinActive-Micellar-Cleansing-Packaging/dp/B08GZHPV8J/ref=sr_1_78?qid=1689463115&s=beauty&sr=1-78
"e.l.f. Power Grip Primer + 4% Niacinamide, Gel-Based & Hydrating Face Primer, Evens Skin & Brightens, Grips Makeup, Vegan & Cruelty-Free, 0.811 Fl Oz",e.l.f.,$10.00,yes,https://www.amazon.com/l-f-Niacinamide-Gel-Based-Hydrating-Cruelty-Free/dp/B0BQQS5GBQ/ref=sr_1_79?qid=1689463115&s=beauty&sr=1-79
"L’Oreal Paris Makeup Voluminous Original Volume Building Mascara, Carbon Black, 0.26 Fl Oz",L’Oréal Paris,$8.35,yes,https://www.amazon.com/LOreal-Paris-Voluminous-Original-Building/dp/B004BCXAM8/ref=sr_1_80?qid=1689463115&s=beauty&sr=1-80
"Purple Waterproof Mascara for Eyelash, 5D Silk Fiber Liquid Colored Lash Extensions Mascara, Long Lasting Smudge-Proof Volumizing & Lengthening Color Mascara, Vegan & Hypoallergenic Eye Makeup - 05",Generic,"$7,99",yes,https://www.amazon.com/sspa/click?ie=UTF8&spc=MTozMTAwNTM0ODE1OTk1Nzk0OjE2ODk0NjMxMTU6c3BfbXRmX2Jyb3dzZTozMDAwMTM5NzEyNDA4MDI6OjA6Og&url=%2FVoluminous-Lengthening-Waterproof-Smudge-Proof-Hypoallergenic%2Fdp%2FB0C935XH2T%2Fref%3Dsr_1_81_sspa%3Fqid%3D1689463115%26s%3Dbeauty%26sr%3D1-81-spons%26sp_csd%3Dd2lkZ2V0TmFtZT1zcF9tdGZfYnJvd3Nl%26psc%3D1
"5pcs Makeup Spatula Korean Set,Including Picasso Spatula Makeup Korean Stainless Steel Makeup Palette Acrylic Cosmetic Palette,Makeup Mixing Palettes Cosmetic Spatula Tool",Voiluk,"$5,99",yes,https://www.amazon.com/sspa/click?ie=UTF8&spc=MTozMTAwNTM0ODE1OTk1Nzk0OjE2ODk0NjMxMTU6c3BfbXRmX2Jyb3dzZToyMDAxNzkwMjg0MTAyOTg6OjA6Og&url=%2FSpatula-Including-Stainless-Cosmetic-Palettes%2Fdp%2FB0C1HDYPSW%2Fref%3Dsr_1_82_sspa%3Fqid%3D1689463115%26s%3Dbeauty%26sr%3D1-82-spons%26sp_csd%3Dd2lkZ2V0TmFtZT1zcF9tdGZfYnJvd3Nl%26psc%3D1
"Advanced Eyelash Growth Serum and Brow Enhancer to Grow Thicker, Longer Lashes for Long, Luscious Lashes and Eyebrows (Eyelash Growth Serum [3mL])",TEREZ & HONOR,$22.99,yes,https://www.amazon.com/Natural-Eyelash-Enhancer-Luscious-Eyebrows/dp/B07NDN3R9P/ref=sr_1_85?qid=1689463115&s=beauty&sr=1-85
FENGZHAO 6 Colors Tattoo Magic Color Lip Stain Tint Long Lasting Lip Gloss Sets for Women Peel Off Colored Matte Sexy Colors,FENGZHAO,"$12,75",No,https://www.amazon.com/Colors-Tattoo-Magic-Lasting-Colored/dp/B082ZXL3B6/ref=sr_1_86?qid=1689463115&s=beauty&sr=1-86
"Thrive Causemetics Liquid Lash Extensions Brynn Rich Black .38oz Full Size, 0.38 Ounce (Pack of 1)",Thrive Causemetics,"$19,00",No,https://www.amazon.com/Thrive-Causemetics-Liquid-Extensions-Brynn/dp/B0B3PF5FJT/ref=sr_1_87?qid=1689463115&s=beauty&sr=1-87
Anastasia Beverly Hills - Clear Brow Gel,Anastasia Beverly Hills,$22.00,yes,https://www.amazon.com/Anastasia-Beverly-Hills-Brow-Clear/dp/B00GI21NZA/ref=sr_1_88?qid=1689463115&s=beauty&sr=1-88
"Castor Oil (2oz) + Filled Mascara Tube USDA Certified Organic, 100% Pure, Cold Pressed, Hexane Free by Live Fraiche. Stimulate Growth for Eyelashes, Eyebrows, Hair. Lash Growth Serum. Brow Treatment",Live Fraiche,$14.99,yes,https://www.amazon.com/Certified-Live-Stimulate-Eyelashes-Treatment/dp/B08CZYWRT1/ref=sr_1_89?qid=1689463115&s=beauty&sr=1-89
"BANILA CO Clean It Zero Original Cleansing Balm Makeup Remover, Balm to Oil, Double Cleanse, Face Wash",BANILA CO,$17.00,yes,https://www.amazon.com/BANILA-CO-Original-Cleansing-Remover/dp/B08358G9LY/ref=sr_1_90?qid=1689463115&s=beauty&sr=1-90
"Neutrogena Fragrance-Free Makeup Remover Wipes, Daily Facial Cleanser Towelettes, Gently Removes Oil & Makeup, Alcohol-Free Makeup Wipes, 25 ct",Neutrogena,$5.67,yes,https://www.amazon.com/Neutrogena-Remover-Cleansing-Towelettes-Fragrance/dp/B0195I8XR4/ref=sr_1_91?qid=1689463115&s=beauty&sr=1-91
"IT Cosmetics Your Skin But Better CC+ Cream - Color Correcting Cream, Full-Coverage Foundation, Hydrating Serum & SPF 50+ Sunscreen - Natural Finish - 1.08 Fl. Oz",IT Cosmetics,$47.00,yes,https://www.amazon.com/Cosmetics-Cream-Medium-Coverage-Ounces/dp/B07HLD2HC4/ref=sr_1_92?qid=1689463115&s=beauty&sr=1-92
STACY LASH Eyelash Extension Shampoo Brush / 1.69 fl.oz / 50ml / Eyelid Foaming Cleanser/Wash for Extensions & Natural Lashes/Safe Makeup Remover/Supplies for Professional & Home Use,STACY LASH,$15.99,yes,https://www.amazon.com/Extension-Stacy-Lash-Extensions-Professional/dp/B07GZWWN9Q/ref=sr_1_93?qid=1689463115&rdc=1&s=beauty&sr=1-93
"KISS So Wispy False Eyelashes Multipack #11, Full Bouncy Volume & Curl, Signature Wispy Effect, Quality Synthetic, Crisscross Pattern, Cruelty Free, Reusable and contact lens friendly, 5 Pairs",KISS,$8.97,yes,https://www.amazon.com/KISS-Eyelashes-Multipack-Signature-Crisscross/dp/B00DS4EIEE/ref=sr_1_94?qid=1689463115&s=beauty&sr=1-94
"COVERGIRL Lash Blast Clean Volume Mascara, Very Black, 0.44 Fl Oz, Pack of 1",COVERGIRL,$7.71,yes,https://www.amazon.com/COVERGIRL-Blast-Clean-Mascara-Black/dp/B08M96YZN1/ref=sr_1_95?qid=1689463115&s=beauty&sr=1-95
"e.l.f. Poreless Putty Primer, Silky, Skin-Perfecting, Lightweight, Long Lasting, Smooths, Hydrates, Minimizes Pores, Flawless Base, All-Day Wear, Flawless Finish, Ideal for All Skin Types, 0.74 Fl Oz",e.l.f.,$9.00,yes,https://www.amazon.com/l-f-Poreless-Skin-Perfecting-Lightweight-Minimizes/dp/B07NSH2B4D/ref=sr_1_96?qid=1689463115&s=beauty&sr=1-96
KISS Falscara DIY Eyelash Extension Wisp Applicator for Mistake-Proof Artificial Lash Placement – Ergonomically Designed Handle to Easily Build Your Featherlight Synthetic Reusable Eyelash Clusters,KISS,$4.99,yes,https://www.amazon.com/KISS-Falscara-Eyelash-Applicator/dp/B01MY5WRUZ/ref=sr_1_97?qid=1689463115&s=beauty&sr=1-97
URBAN DECAY Naked3 Mini Eyeshadow Palette - Rosy Neutral Shimmers & Mattes - Pigmented Eye Makeup Palette For On the Go - Ultra Blendable - Up to 12 Hour Wear,URBAN DECAY,$33.00 ,yes,https://www.amazon.com/Urban-Decay-Naked3-Eyeshadow-Palette/dp/B095PSJ7QV/ref=sr_1_98?qid=1689463115&s=beauty&sr=1-98
"essence | I Love Extreme Volume Mascara Crazy Volume | Paraben Free | Cruelty Free | Black (Pack of 1, Crazy Volume)",essence cosmetics,$4.99,yes,https://www.amazon.com/essence-Extreme-Mascara-Crazy-Cruelty/dp/B00GSUCEJ6/ref=sr_1_99?qid=1689463115&s=beauty&sr=1-99
"ANUA Heartleaf Pore Control Cleansing Oil Korean Facial Cleanser, Daily Makeup Blackheads Removal 6.7 fl oz(200ml)",ANUA,$17.90,yes,https://www.amazon.com/ANUA-Heartleaf-Cleansing-Cleanser-Blackheads/dp/B0BN2PX8V3/ref=sr_1_100?qid=1689463115&s=beauty&sr=1-100
Anastasia Beverly Hills - Mini Clear Brow Gel,Anastasia Beverly Hills,$8.10 ,yes,https://www.amazon.com/Anastasia-Beverly-Hills-Eyebrow-Travel/dp/B00JRC27TY/ref=sr_1_101?qid=1689463115&s=beauty&sr=1-101
"essence | Bye Bye Panda Eyes Tubing Mascara | Smudge-proof, Volumizing definition | Vegan, Paraben Free, Oil Free | Cruelty Free (Pack of 1)",essence cosmetics,$4.99,yes,https://www.amazon.com/essence-Mascara-Smudge-proof-Volumizing-definition/dp/B084GXBHQR/ref=sr_1_102?qid=1689463115&s=beauty&sr=1-102
"IT Cosmetics Bye Bye Pores - Poreless Finish Airbrush Powder - Universal Translucent Shade - Contains Anti-Aging Peptides, Silk, Hydrolyzed Collagen & Antioxidants - 0.23 oz",IT Cosmetics,$32.00,yes,https://www.amazon.com/COSMETICS-Bye-Pores-Translucent-Antioxidants/dp/B002YR2D5W/ref=sr_1_103?qid=1689463115&s=beauty&sr=1-103
"Maybelline Hyper Easy Liquid Pen No-Skip Waterproof Eyeliner, Satin Finish, Pitch Brown",Maybelline New York,$7.98,yes,https://www.amazon.com/Maybelline-Liquid-No-Skip-Waterproof-Eyeliner/dp/B09Y18197C/ref=sr_1_104?qid=1689463115&s=beauty&sr=1-104
"Urban Decay Perversion Volumizing Mascara - Lengthening + Lifting Eye Makeup - for Bold, Buildable, False-Lash Look - with Proteins & Amino Acids to Support Eyelash Growth – Intense Black",URBAN DECAY,$28.00,No,https://www.amazon.com/Perversion-Mascara-Bigger-Blacker-perversion/dp/B01N7PMQ9C/ref=sr_1_105?qid=1689463115&s=beauty&sr=1-105
"Grande Cosmetics GrandeBROW Brow Enhancing Serum, 0.1 Fl Oz",Grande Cosmetics,$73.00,yes,https://www.amazon.com/GrandeBROW-Brow-Enhancing-Serum-0-1/dp/B00DU1DBZW/ref=sr_1_106?qid=1689463115&s=beauty&sr=1-106
"EltaMD UV Physical Tinted Face Sunscreen, SPF 41 Tinted Mineral Sunscreen with Zinc Oxide, Water Resistant up to 40 Minutes, Protects Extra Sensitive and Post Procedure Skin, Oil Free, 3.0 oz Tube",None,$38.95 ,yes,https://www.amazon.com/EltaMD-Physical-Tinted-Sunscreen-Broad-Spectrum/dp/B00C8FVZZY/ref=sr_1_107?qid=1689463115&s=beauty&sr=1-107
"Maybelline New York Eyestudio Master Precise All Day Waterproof Liquid Eyeliner Makeup, Black, 1 Count",Maybelline New York,$6.38,yes,https://www.amazon.com/Maybelline-Eyestudio-Master-Precise-Eyeliner/dp/B07FYMBCS5/ref=sr_1_108?qid=1689463115&s=beauty&sr=1-108
"Lipstick By Wet n Wild Mega Last High-Shine Lipstick Lip Color Makeup, Bright Pink Pinky Ring",wet n wild,$1.98,yes,https://www.amazon.com/wild-Mega-High-Shine-Color-Pinky/dp/B082YQ4QWW/ref=sr_1_101?qid=1689463118&s=beauty&sr=1-101
"NYX PROFESSIONAL MAKEUP Fat Oil Lip Drip, Moisturizing, Shiny and Vegan Tinted Lip Gloss - Missed Call (Sheer Pink)",NYX PROFESSIONAL MAKEUP,$8.97,yes,https://www.amazon.com/NYX-PROFESSIONAL-MAKEUP-Moisturizing-Tinted/dp/B0BL8HY2QP/ref=sr_1_102?qid=1689463118&s=beauty&sr=1-102
"L’Oréal Paris Makeup Telescopic Original Lengthening Mascara, Carbon Black, 0.27 Fl Oz (Pack of 1)",L’Oréal Paris,$8.24,yes,https://www.amazon.com/Paris-Telescopic-Original-Lengthening-Mascara/dp/B004BCXA7S/ref=sr_1_103?qid=1689463118&s=beauty&sr=1-103
None,None,Not available,No,https://www.amazon.com/UD-Eyeshadow-Primer-Potion-Original/dp/B075FH136K/ref=sr_1_104?qid=1689463118&s=beauty&sr=1-104
"Neutrogena Gentle Oil-Free Eye Makeup Remover & Cleanser for Sensitive Eyes, Non-Greasy Makeup Remover, Removes Waterproof Mascara, Dermatologist & Ophthalmologist Tested, 3 x 5.5 fl. oz",Neutrogena,$20.46,yes,https://www.amazon.com/Neutrogena-Non-Greasy-Waterproof-Dermatologist-Ophthalmologist/dp/B088N4CB19/ref=sr_1_105?qid=1689463118&s=beauty&sr=1-105
NYX PROFESSIONAL MAKEUP Bare With Me Multitasking Primer & Setting Spray,NYX PROFESSIONAL MAKEUP,$8.31,yes,https://www.amazon.com/NYX-Prime-Refresh-Spray-Ounce/dp/B07SB2LG6S/ref=sr_1_106?qid=1689463118&s=beauty&sr=1-106
"Neutrogena Oil-Free Liquid Eye Makeup Remover, Residue-Free, Non-Greasy, Gentle & Skin-Soothing Makeup Remover Solution with Aloe & Cucumber Extract for Waterproof Mascara, 3.8 fl. oz",Neutrogena,$5.96,yes,https://www.amazon.com/Neutrogena-Oil-Free-Liquid-Makeup-Remover/dp/B00027D0DU/ref=sr_1_107?qid=1689463118&s=beauty&sr=1-107
"TOUCH IN SOL No Pore Blem Primer 1.01 fl.oz - Pore Minimizing, Sebum and Shine Control - Pore Filler Blurring Primer Before Makeup – Hydrates & Smooths Skin – With Collagen and Green Tea Extracts",Touch in Sol,$13.34,yes,https://www.amazon.com/Touch-Sol-Pore-Primer-fl-oz/dp/B00BR3VPLC/ref=sr_1_108?qid=1689463118&s=beauty&sr=1-108
ETUDE Dear Darling Water Tint Cherry Ade (21AD) | Vivid Color Lip Stain with Moisturizing Weightless & Non-sticky Finish Lip Stain | Smudge-proof & Lightweight Lip Tint | K-beauty,Etude House,$6.40,yes,https://www.amazon.com/Moisturizing-Weightless-Non-sticky-Smudge-proof-Lightweight/dp/B099RYFLSW/ref=sr_1_109?qid=1689463118&s=beauty&sr=1-109
"e.l.f. Clear Brow & Lash Mascara, Dual-Sided Clear Brow Gel & Mascara, Long-Wear Conditioning Formula, 0.084 Fl Oz",e.l.f.,$3.00,yes,https://www.amazon.com/l-f-Clear-Mascara-Crystal-Fluid/dp/B07H4CJDM3/ref=sr_1_110?qid=1689463118&s=beauty&sr=1-110
ETUDE Zero Sebum Drying Powder 4g New | Lightweight Oil Control No Sebum Loose Face Powder with 80% Mineral | Long Lasting for Setting or Foundation Makes Skin Downy,Etude House,$7.00,yes,https://www.amazon.com/Lightweight-Control-Mineral-Lasting-Foundation/dp/B09T9KWWBG/ref=sr_1_111?qid=1689463118&s=beauty&sr=1-111
"Covergirl Clump Crusher Mascara, Very Black, 0.44 Fl Oz (Pack of 1)",COVERGIRL,$9.37,yes,https://www.amazon.com/Covergirl-Clump-Crusher-Mascara-Black/dp/B0094GHGQM/ref=sr_1_112?qid=1689463118&s=beauty&sr=1-112
Anastasia Beverly Hills - Brow Freeze,Anastasia Beverly Hills,$23.00,yes,https://www.amazon.com/Anastasia-Beverly-Hills-Brow-Freeze/dp/B08TG9VGQM/ref=sr_1_117?qid=1689463118&s=beauty&sr=1-117
"NYX PROFESSIONAL MAKEUP Mechanical Eyeliner Pencil, White",NYX PROFESSIONAL MAKEUP,$6.29,yes,https://www.amazon.com/NYX-Mechanical-Eye-Pencil-White/dp/B005G9E98O/ref=sr_1_118?qid=1689463118&s=beauty&sr=1-118
"Julep Eyeshadow 101 Crème to Powder Waterproof Eyeshadow Stick, Pearl Shimmer",Julep,$16.00,yes,https://www.amazon.com/Julep-Eyeshadow-Powder-Waterproof-Shimmer/dp/B01MYM3KV7/ref=sr_1_119?qid=1689463118&s=beauty&sr=1-119
Urban Decay Naked Eyeshadow Palette - Richly Pigmented & Ultra Blendable Mattes and High-Shine Shimmers - Up to 12 Hour Wear - 12 Versatile Shades,URBAN DECAY,$35.00,yes,https://www.amazon.com/Naked-Reloaded-Eyeshadow-Palette-Urban/dp/B07PPW5DST/ref=sr_1_120?qid=1689463118&s=beauty&sr=1-120
"Lash Clusters 40D-0.07D-9-16MIX B&Q LASH Individual Lashes 280 Clusters False Eyelash 20D 30D 40D Lash Clusters Extensions Individual Lashes Cluster DIY Eyelash Extensions at Home (40D-0.07D,9-16MIX)",B&Qaugen,$12.99,yes,https://www.amazon.com/Clusters-40D-0-07D-9-16MIX-Individual-Extensions-40D-0-07D/dp/B0B2JB2JMP/ref=sr_1_121?qid=1689463118&s=beauty&sr=1-121
"e.l.f. Stay All Night Micro-Fine Setting Mist, Hydrating & Refreshing Makeup Setting Spray For 16HR Wear-time, Vegan & Cruelty-Free, 2.7 Fl Oz",e.l.f.,$10.00,yes,https://www.amazon.com/l-f-Night-Micro-Fine-Setting-hours/dp/B08JC4ZJSP/ref=sr_1_122?qid=1689463118&s=beauty&sr=1-122
"b.tan Clear Self Tan Gel | Glow Your Own Way - Transfer-Resistant Self Tanning Gel, Vegan, Cruelty Free Self Tanner, 16 Fl Oz",B.TAN,Not available,No,https://www.amazon.com/b-tan-Clear-Self-Glow-Transfer-Resistant/dp/B0BZT35KMJ/ref=sr_1_123?qid=1689463118&s=beauty&sr=1-123
"Covergirl Lash Blast Volume Mascara, Very Black",COVERGIRL,$8.98,yes,https://www.amazon.com/Covergirl-Lash-Blast-Mascara-Black/dp/B00EMAM9BC/ref=sr_1_124?qid=1689463118&s=beauty&sr=1-124
"Elizabeth Mott Thank Me Later Face Primer - Mattifying Makeup Base Primer for Shine and Oil Control - Pore Minimizer and Hides Wrinkles and Fine Lines, 30g",Elizabeth Mott,$15.99,yes,https://www.amazon.com/Thank-Primer-Paraben-free-Cruelty-Primer/dp/B073XTWVM6/ref=sr_1_125?qid=1689463118&s=beauty&sr=1-125
"e.l.f. Flawless Finish Foundation, Improves Uneven Skin Tone, Lightweight, Medium Coverage & Semi-Matte, Vegan & Cruelty-Free, Beige 0.68 Fl Oz",None,$3.30,yes,https://www.amazon.com/l-f-Cosmetics-flawless-foundation-lightweight/dp/B07MWSP8SG/ref=sr_1_126?qid=1689463118&s=beauty&sr=1-126
"NYX PROFESSIONAL MAKEUP Ultimate Shadow Palette, Eyeshadow Palette, Warm Neutrals,1 Count",NYX PROFESSIONAL MAKEUP,"$15,99",yes,https://www.amazon.com/NYX-PROFESSIONAL-MAKEUP-Ultimate-Eyeshadow/dp/B01IW02HX2/ref=sr_1_127?qid=1689463118&s=beauty&sr=1-127
Wet n Wild Mega Clear Brow & Lash Mascara,wet n wild,$2.28,yes,https://www.amazon.com/Wild-Mega-Clear-Brow-Mascara/dp/B09NXPG6D5/ref=sr_1_128?qid=1689463118&s=beauty&sr=1-128
"Prime Prometics PrimeLash Mascara for Women over 50 – Volumizing, Incredible Length in 2 Coats – Long-Stay, Zero Clumps, Hypoallergenic (Brown)",PRIME PROMETICS,$28.00,yes,https://www.amazon.com/sspa/click?ie=UTF8&spc=MTo1ODQ3OTYyODcwODg1ODQ1OjE2ODk0NjMxMTg6c3BfbXRmX2Jyb3dzZToyMDAxNDcxOTYxNTg4OTg6OjA6Og&url=%2FPrime-Prometics-PrimeLash-Mascara-Women%2Fdp%2FB0BG7MWNNN%2Fref%3Dsr_1_130_sspa%3Fqid%3D1689463118%26s%3Dbeauty%26sr%3D1-130-spons%26sp_csd%3Dd2lkZ2V0TmFtZT1zcF9tdGZfYnJvd3Nl%26psc%3D1
"Wet n Wild Ultimate Eyebrow Retractable Definer Pencil, Medium Brown, Dual-Sided Brow Brush, Fine Tip, Shapes, Defines, Fills Brow Makeup",wet n wild,$3.18,yes,https://www.amazon.com/wet-wild-Ultimate-Brow-Retractable/dp/B078KB7L4G/ref=sr_1_133?qid=1689463118&s=beauty&sr=1-133
"NYX PROFESSIONAL MAKEUP Slim Lip Pencil, Espresso",NYX PROFESSIONAL MAKEUP,$4.96,yes,https://www.amazon.com/NYX-PROFESSIONAL-MAKEUP-Pencil-Espresso/dp/B079ZX2QBD/ref=sr_1_134?qid=1689463118&s=beauty&sr=1-134
"MEICOLY White Body Glitter,Singer Concerts Music Festival Rave Accessories,Mermaid Face Glitter Gel,Sequins Glitter Face Paint,Chunky Glitter for Eye Lip Hair,Sparkling Holographic Gel for Women,50ml",MEICOLY,"$6,98",yes,https://www.amazon.com/MEICOLY-Holographic-Festival-Accessories-Sparkling/dp/B09VFKGL92/ref=sr_1_135?qid=1689463118&s=beauty&sr=1-135
LAURA GELLER NEW YORK Award-Winning Baked Balance-n-Brighten Color Correcting Powder Foundation - Fair - Buildable Light to Medium Coverage - Demi-Matte Natural Finish,None,$28.80,yes,https://www.amazon.com/Laura-Geller-York-Baked-Balance-N-Brighten/dp/B000IEMGGE/ref=sr_1_136?qid=1689463118&s=beauty&sr=1-136
Airspun Loose Powder Translucent,Airspun,$8.99,yes,https://www.amazon.com/Airspun-Loose-Powder-Translucent/dp/B0BDW1MN6Y/ref=sr_1_137?qid=1689463118&s=beauty&sr=1-137
"NYX PROFESSIONAL MAKEUP Epic Ink Liner, Waterproof Liquid Eyeliner - Brown, Vegan Formula",NYX PROFESSIONAL MAKEUP,$8.70,yes,https://www.amazon.com/NYX-Professional-Makeup-Waterproof-Formula/dp/B07JNNLL6Z/ref=sr_1_138?qid=1689463118&s=beauty&sr=1-138
"Maybelline New York Lifter Gloss, Hydrating Lip Gloss with Hyaluronic Acid, High Shine for Plumper Looking Lips, Ice, Pink Neutral, 0.18 Ounce",Maybelline New York,$6.98,yes,https://www.amazon.com/Maybelline-Hyaluronic-Hydrating-Hydrated-Fuller-Looking/dp/B085S9N6JP/ref=sr_1_139?qid=1689463118&s=beauty&sr=1-139
Bioderma - Hydrabio H2O Micellar Water - Face Cleanser and Makeup Remover - Micellar Cleansing Water for Dehydrated Sensitive Skin,Bioderma,$18.99,yes,https://www.amazon.com/Bioderma-Hydrabio-Moisturising-Removing-Solution/dp/B01ES79K4M/ref=sr_1_140?qid=1689463118&s=beauty&sr=1-140
"Maybelline New York Baby Skin Instant Pore Eraser Primer Makeup, Clear, 1 Count",Maybelline New York,$6.74,yes,https://www.amazon.com/Maybelline-Makeup-Instant-Eraser-Primer/dp/B00H56KCUU/ref=sr_1_141?qid=1689463118&s=beauty&sr=1-141
"L’Oréal Paris True Match Nude Hyaluronic Tinted Serum Foundation with 1% Hyaluronic acid, Medium 4-5, 1 fl. oz.",L’Oréal Paris,$12.81,yes,https://www.amazon.com/LOreal-Paris-Hyaluronic-Instantly-brighter/dp/B091D5RRKV/ref=sr_1_142?qid=1689463118&s=beauty&sr=1-142
Wet n Wild Mega Last Breakup Proof Liquid Waterproof Eyeliner Brush Tip Pen | Quick Drying | Smudge Resistant| Long Lasting 16 Hour Wear| Precise Ultra Fine | Black,wet n wild,$5.47,yes,https://www.amazon.com/wild-Breakup-Proof-Liquid-Eyeliner-Black/dp/B082YQ8TXR/ref=sr_1_143?qid=1689463118&rdc=1&s=beauty&sr=1-143
"Maybelline New York Lifter Gloss, Hydrating Lip Gloss with Hyaluronic Acid, High Shine for Plumper Looking Lips, Moon, Nude Pink, 0.18 Ounce",Maybelline New York,$6.98,yes,https://www.amazon.com/Maybelline-Hyaluronic-Hydrating-Hydrated-Fuller-Looking/dp/B085S94V2K/ref=sr_1_144?qid=1689463118&s=beauty&sr=1-144
Too Faced Better Than Sex Mascara 0.27 Ounce Full Size,Too Faced,"$24,00",yes,https://www.amazon.com/Too-Faced-Better-Mascara-Ounce/dp/B00P0Q0T28/ref=sr_1_145_mod_primary_new?qid=1689463118&s=beauty&sbo=RZvfv%2F%2FHxDF%2BO5021pAnSA%3D%3D&sr=1-145
14 Pairs Wispy Mink Lashes Fluffy Eye Lashes Natural Look 5D Volume 16mm Fake Eyelashes Pack by TNFVLONEINS,TNFVLONEINS,$8.97,yes,https://www.amazon.com/Lashes-Fluffy-Natural-Eyelashes-TNFVLONEINS/dp/B09Z2QTBV7/ref=sr_1_146?qid=1689463118&s=beauty&sr=1-146
"e.l.f. Clear Lash & Brow Mascara 2-Pack, Conditioning Clear Brow & Lash Gel For Grooming, Defining & Separating, Long-Lasting, Vegan & Cruelty-Free",e.l.f.,$5.00,yes,https://www.amazon.com/l-f-Conditioning-Separating-Long-Lasting-Cruelty-Free/dp/B0BSP2J3BH/ref=sr_1_147?qid=1689463118&s=beauty&sr=1-147
"MakeUp Eraser, 7-Day Set, Erase All Makeup With Just Water, Including Waterproof Mascara, Eyeliner, Foundation, Lipstick, and More",Makeup Eraser,"$25,00",yes,https://www.amazon.com/Makeup-Eraser-Neutrals-7-Day-ct/dp/B09KDW6TZN/ref=sr_1_148?qid=1689463118&s=beauty&sr=1-148
"wet n wild Mega Last Breakup Proof Liquid Waterproof Eyeliner, Blackest Black, Quick Drying Retractable Gel Eyeliner, Smudge Resistant, Long Lasting 16 Hour Wear, Ultra Fine Brush Tip Pen",wet n wild,"$2,28",yes,https://www.amazon.com/wet-wild-Retractable-Waterproof-Resistant/dp/B082YPRCMM/ref=sr_1_149?qid=1689463118&s=beauty&sr=1-149
"Luxillia Magnetic Eyelashes with Eyeliner, Most Natural Looking Magnetic Lashes Kit with Applicator, Best 8D and 3D Look, Reusable Fake Eye Lash, No Glue, Strongest Waterproof Liquid Liner",Luxillia,"$18,99",yes,https://www.amazon.com/Magnetic-Eyeliner-Reusable-Eyelashes-Waterproof/dp/B0834F3P8W/ref=sr_1_150?qid=1689463118&s=beauty&sr=1-150
Buxom Lash Volumizing Mascara,Buxom,"$25,00",yes,https://www.amazon.com/Buxom-Lash-Volumizing-Mascara/dp/B00K6MHGZY/ref=sr_1_151?qid=1689463118&s=beauty&sr=1-151
Urban Decay All Nighter Ultra Matte Setting Spray - Makeup Finishing Spray - Lasts Up To 16 Hours - Oil & Shine-Controlling Mist - Great for Oily Skin,None,"$36,00",yes,https://www.amazon.com/Urban-Decay-Spray-Ultra-Matte/dp/B083TY8N7Q/ref=sr_1_152?qid=1689463118&s=beauty&sr=1-152
"Neutrogena Make-Up Remover Cleansing Towelettes, 7 Count, Packaging May Vary",Neutrogena,$1.87,yes,https://www.amazon.com/Neutrogena-Makeup-Remover-Cleansing-Towelettes/dp/B01EMYW7BY/ref=sr_1_153?qid=1689463118&s=beauty&sr=1-153
Lancôme Définicils High Definition Mascara for Defined - Lengthened - and Natural-Looking Lashes,Lancôme,$33.00 ,yes,https://www.amazon.com/Lanc%C3%B4me-D%C3%A9finicils-Definition-Mascara-Defined/dp/B000UB23YK/ref=sr_1_154?qid=1689463118&s=beauty&sr=1-154
SHEGLAM Color Bloom Liquid Blush Makeup for Cheeks Matte Finish - Love Cake,SHEGLAM,$6.99,yes,https://www.amazon.com/SHEGLAM-Liquid-Makeup-Cheeks-Finish/dp/B0BHFBBH25/ref=sr_1_155?qid=1689463118&s=beauty&sr=1-155
"Maybelline New York Facestudio Master Prime Primer Makeup, Blur + Pore Minimize, 1 fl. oz.",Maybelline New York,$9.99,yes,https://www.amazon.com/Maybelline-Facestudio-Master-Primer-Minimize/dp/B07BHB7QBN/ref=sr_1_156?qid=1689463118&s=beauty&sr=1-156
"Cetaphil Gentle Waterproof Makeup Remover, Oil-Free Formula Suitable for Sensitive Skin, 6.0 Fluid Ounce",Cetaphil,$9.15,yes,https://www.amazon.com/Cetaphil-Gentle-Waterproof-Makeup-Remover/dp/B01M31HY3S/ref=sr_1_149?qid=1689463122&rdc=1&s=beauty&sr=1-149
"IT Cosmetics Bye Bye Pores Pressed Finishing Powder - Universal Shades - Contains Anti-Aging Peptides, Hydrolyzed Collagen & Antioxidants - 0.31 oz",IT Cosmetics,$32.00,yes,https://www.amazon.com/Cosmetics-Poreless-Finish-Airbrush-Pressed/dp/B018IWKT2K/ref=sr_1_150?qid=1689463122&s=beauty&sr=1-150
"Maybelline New York Full 'N Soft Waterproof Mascara, Very Black, 1 Count",Maybelline New York,$6.59,yes,https://www.amazon.com/Maybelline-Makeup-Waterproof-Mascara-Black/dp/B004OT29MA/ref=sr_1_151?qid=1689463122&s=beauty&sr=1-151
"Urban Decay All Nighter Long-Lasting Makeup Setting Spray - Award-Winning Makeup Finishing Spray - Lasts Up To 16 Hours - Oil-Free, Natural Finish - Non-Drying Formula for All Skin Type",URBAN DECAY,$36.00,yes,https://www.amazon.com/U-D-Nighter-Makeup-Setting-Spray/dp/B06Y92B94V/ref=sr_1_152?qid=1689463122&s=beauty&sr=1-152
Eyeliner Stencils Pencil Liquid Liner Gel Stamp Pen For Beginners Use Thin Angled Eye Brush Waterproof Makeup Wing Tips Eyeshadow Brushes Eyebrow Kit Stencil Sharpener Black Fine Point Winged Tip Pot,Vertex,$4.93,yes,https://www.amazon.com/Eyeliner-Stencils-Eyebrow-Stencil-Waterproof/dp/B0973MNRBX/ref=sr_1_153?qid=1689463122&s=beauty&sr=1-153
"jane iredale Just Kissed Lip And Cheek Stain, Non-Drying, Long Lasting Color, Multipurpose Stain Suitable For All Skin Tones, Cruelty-Free Makeup",jane iredale,$30.40 ,yes,https://www.amazon.com/jane-iredale-Kissed-Cheek-Forever/dp/B004SGZ610/ref=sr_1_154?qid=1689463122&s=beauty&sr=1-154
"DAGEDA Body Glitter Gel, Face Glitter Body Gel Sequins Shimmer Liquid Eyeshadow, Chunky Glitter for Face Hair Nails, Holographic Cosmetic Laser Powder Festival Glitter Makeup 50ml(White)",DAGEDA,"$6,99",yes,https://www.amazon.com/DAGEDA-Glitters-Eyeshadow-Holographic-Cosmetic/dp/B09TH2Y29J/ref=sr_1_155?qid=1689463122&s=beauty&sr=1-155
"L'Oreal Paris Makeup Brow Stylist Definer Waterproof Eyebrow Pencil, Ultra-Fine Mechanical Pencil, Draws Tiny Brow Hairs and Fills in Sparse Areas and Gaps, Dark Brunette, 0.003 Ounce (Pack of 1)",L’Oréal Paris,$8.47,yes,https://www.amazon.com/Paris-Stylist-Definer-Waterproof-Brunette/dp/B01643FI0I/ref=sr_1_156?qid=1689463122&s=beauty&sr=1-156
"Farmacy Natural Makeup Remover - Green Clean Makeup Meltaway Cleansing Balm Cosmetic, 100ml",Farmacy,"$30,00",yes,https://www.amazon.com/Farmacy-Natural-Makeup-Remover-Cleansing/dp/B07CV28SSD/ref=sr_1_157?qid=1689463122&s=beauty&sr=1-157
"Maybelline New York Volum' Express Falsies Volumizing, Washable Mascara, Blackest Black, 1 Count",Maybelline New York,$6.00,yes,https://www.amazon.com/Maybelline-Express-Falsies-Washable-Blackest/dp/B003I6O5RC/ref=sr_1_158?qid=1689463122&s=beauty&sr=1-158
"Peripera Ink the Velvet Lip Tint, Liquid Lip (0.14 fl oz, 026 WELL-MADE NUDE)",Peripera,$9.90,yes,https://www.amazon.com/Peripera-Weightless-Gluten-Free-Paraben-Free-WELL-MADE/dp/B09PYMSK7Q/ref=sr_1_159?qid=1689463122&s=beauty&sr=1-159
"Paula's Choice RESIST Super-Light Daily Wrinkle Defense SPF 30 Matte Tinted Face Moisturizer, UVA & UVB Protection, Mineral Sunscreen for Oily Skin, Fragrance-Free & Paraben-Free, 2 Ounces",Paula's Choice,$37.00,yes,https://www.amazon.com/Paulas-Choice-RESIST-Super-Light-Matte-Finish-Moisturizer/dp/B00EYVRX0Q/ref=sr_1_160?qid=1689463122&s=beauty&sr=1-160
Rare Beauty by Selena Gomez Soft Pinch Liquid Blush Happy,Rare Beauty,Not available,No,https://www.amazon.com/Rare-Beauty-Pinch-Liquid-Blush/dp/B08JKTGRGT/ref=sr_1_165?qid=1689463122&s=beauty&sr=1-165
Physicians Formula Murumuru Butter Bronzer | Bronzer Face Powder Makeup | Dermatologist Approved,Physicians Formula,$13.48,yes,https://www.amazon.com/Physicians-Formula-Murumuru-Butter-Bronzer/dp/B018B8Q5Z6/ref=sr_1_166?qid=1689463122&s=beauty&sr=1-166
"Covergirl Lash Blast Volume Waterproof Mascara, Very Black",COVERGIRL,$9.37,yes,https://www.amazon.com/COVERGIRL-LashBlast-Waterproof-Mascara-Black/dp/B001BMJPD4/ref=sr_1_167?qid=1689463122&s=beauty&sr=1-167
"ILIA - Limitless Lash Mascara | Non-Toxic, Cruelty-Free, Clean Mascara (After Midnight Black)",ILIA,$28.00,No,https://www.amazon.com/ILIA-Limitless-Lash-Mascara-Midnight/dp/B07BWYRQ8C/ref=sr_1_168?qid=1689463122&s=beauty&sr=1-168
Pooplunch False Eyelashes Fluffy Mink Lashes Cat-Eye Look 18MM Wispy Long 8D Volume Fake Eyelash Strips 7 Pairs Pack,Pooplunch,$9.29,yes,https://www.amazon.com/Pooplunch-Eyelashes-Fluffy-Dramatic-Multipack/dp/B09278TNHM/ref=sr_1_169?qid=1689463122&s=beauty&sr=1-169
"L’Oréal Paris Cosmetics Infallible Grip Precision Felt Eyeliner, Smudge Resistant, Long Lasting Waterproof Eyeliner, Black, Black, 0.03 fl oz",L’Oréal Paris,$8.99,yes,https://www.amazon.com/LOreal-Paris-Infallible-Precision-Waterproof/dp/B09S8JWWZ3/ref=sr_1_170?qid=1689463122&s=beauty&sr=1-170
"Wet n Wild Enhance and Define Megawear Mascara, Black, 1 Oz, 0.24 Fl Oz (Pack of 1) (C136)",wet n wild,$1.29,yes,https://www.amazon.com/Wet-Wild-Enhance-Megawear-Mascara/dp/B075RGZ8N1/ref=sr_1_171?qid=1689463122&s=beauty&sr=1-171
"Highly Pigmented Eye Makeup Palette, Matte Shimmer Metallic Eyeshadow Pallet Long Lasting Blendable Natural Colors Make Up Eye Shadows Cosmetics Gift Kit",Prism Makeup,$9.99,yes,https://www.amazon.com/CHANGEABLE-Eyeshadow-Highlight-Waterproof-Makeup/dp/B07MQJRK7N/ref=sr_1_172?qid=1689463122&s=beauty&sr=1-172
"e.l.f., Wow Brow Gel, Volumizing, Buildable, Wax-Gel Hybrid, Creates Full, Voluminous-Looking Brows, Locks Brow Hairs In Place, Neutral Brown, Fiber-Infused, 0.12 Oz",e.l.f.,$5.00,yes,https://www.amazon.com/Volumizing-Buildable-Wax-Gel-Voluminous-Looking-Fiber-Infused/dp/B0815D98F3/ref=sr_1_173?qid=1689463122&s=beauty&sr=1-173
"L’Oréal Paris Telescopic Lift Washable Mascara, Lengthening and Volumizing Eye Makeup, Lash Lift with Up to 36HR Wear, Black, 0.33 Fl Oz",L’Oréal Paris,$11.97,yes,https://www.amazon.com/Paris-Telescopic-Washable-Lengthening-Volumizing/dp/B0BCR189Q9/ref=sr_1_174?qid=1689463122&s=beauty&sr=1-174
"Black Tint Kit 2 in 1, Professional Semi-Permanent Eyelash & Eyebrow Kit, Lasting for 6 Weeks DIY Hair Dying for Salon Home Use 7ml (Black)",MXNSLWA,"$11,99",yes,https://www.amazon.com/Eyelash-Professional-Semi-Permanent-Eyebrow-Lasting/dp/B09LGZK723/ref=sr_1_175?qid=1689463122&s=beauty&sr=1-175
"essence | I Love Extreme Volume Mascara Waterproof | Paraben Free | Cruelty Free | Black (Pack of 1, Waterproof)",essence cosmetics,"$4,99",yes,https://www.amazon.com/essence-Extreme-Mascara-Waterproof-Cruelty/dp/B012XYSK1G/ref=sr_1_176?qid=1689463122&s=beauty&sr=1-176
"Garnier SkinActive Micellar Water with Rose Water and Glycerin, Facial Cleanser & Makeup Remover, All-in-1 Hydrating, 13.5 Fl Oz (400mL), 1 Count (Packaging May Vary)",Garnier,$8.55,yes,https://www.amazon.com/Garnier-SkinActive-Micellar-Cleansing-Hydrating/dp/B07TB2MKJJ/ref=sr_1_181?qid=1689463122&s=beauty&sr=1-181
"Peripera Ink the Velvet Lip Tint, Liquid Lip (0.14 fl oz, 023 NUTTY NUDE)",Peripera,$9.90,yes,https://www.amazon.com/Peripera-Velvet-Tint-Liquid-NUTTY/dp/B09J14K5T6/ref=sr_1_182?qid=1689463122&s=beauty&sr=1-182
"NYX PROFESSIONAL MAKEUP Wonder Stick, Face Shaping & Contouring Stick - Universal Light",NYX PROFESSIONAL MAKEUP,$10.16,yes,https://www.amazon.com/NYX-PROFESSIONAL-MAKEUP-Shaping-Contouring/dp/B00791F4KY/ref=sr_1_183?qid=1689463122&s=beauty&sr=1-183
"L’Oréal Paris Makeup Double Extend Beauty Tubes Lengthening 2 Step Mascara, Black, 1 Tube",L’Oréal Paris,$9.93,yes,https://www.amazon.com/LOr%C3%A9al-Paris-Makeup-Lengthening-Mascara/dp/B001IAINFU/ref=sr_1_184?qid=1689463122&s=beauty&sr=1-184
"NYX PROFESSIONAL MAKEUP Slim Lip Pencil, Long-Lasting Creamy Lip Liner - Peakaboo Neutral",NYX PROFESSIONAL MAKEUP,$4.96,yes,https://www.amazon.com/NYX-PROFESSIONAL-MAKEUP-Peekaboo-Neutral/dp/B07B16HMSM/ref=sr_1_185?qid=1689463122&s=beauty&sr=1-185
"Neutrogena Deep Clean Daily Facial Cream Cleanser with Beta Hydroxy Acid to Remove Dirt, Oil & Makeup, Alcohol-Free, Oil-Free & Non-Comedogenic, 7 fl. oz",Neutrogena,$5.74,yes,https://www.amazon.com/Neutrogena-Deep-Clean-Cream-Cleanser/dp/B000052ZB5/ref=sr_1_186?qid=1689463122&s=beauty&sr=1-186
"IT Cosmetics Your Skin But Better CC+ Cream Illumination - Color Correcting Cream, Full-Coverage Foundation, Hydrating Serum & SPF 50+ Sunscreen - Radiant Finish - 1.08 Fl. Oz",IT Cosmetics,$47.00 ,yes,https://www.amazon.com/Cosmetics-Illumination-Cream-Ounce-Medium/dp/B07GV322NS/ref=sr_1_187?qid=1689463122&s=beauty&sr=1-187
"OCuSOFT Lid Scrub Original Foaming Eyelid Cleanser - Mild Instant Foaming Eyelid & Eyelash Cleanser - Daily Eyelid Wash to Remove Oil, Dust, Pollen & Eye Makeup - 7.25 fl oz",OCuSOFT,$21.90,yes,https://www.amazon.com/Ocusoft-Scrub-Foaming-Eyelid-Cleanser/dp/B000A7VRYG/ref=sr_1_188?qid=1689463122&s=beauty&sr=1-188
"NYX PROFESSIONAL MAKEUP Butter Gloss, Non-Sticky Lip Gloss - Madeleine (Mid-Tone Nude)",NYX PROFESSIONAL MAKEUP,$4.97,yes,https://www.amazon.com/NYX-PROFESSIONAL-MAKEUP-Butter-Madeleine/dp/B00ICT8JRC/ref=sr_1_189?qid=1689463122&s=beauty&sr=1-189
Airspun Loose Powder Translucent Extra Coverage,Airspun,$6.74,yes,https://www.amazon.com/Airspun-Loose-Powder-Translucent-Coverage/dp/B0BDW27227/ref=sr_1_190?qid=1689463122&s=beauty&sr=1-190
"Premium Eyelash Growth Serum - 5ml Fuller & Longer Looking Eyelashes Lash Enhancing Serum for Natural Lashes or Lash Extensions & Brows, Vegan & Cruelty-Free gold",Dyoac,"$15,99",yes,https://www.amazon.com/Premium-Eyelash-Growth-Serum-Cruelty-Free/dp/B0BD517P1N/ref=sr_1_191?qid=1689463122&s=beauty&sr=1-191
KISS Falscara DIY Eyelash Extension Wispy Wisps - Featherlight Synthetic Reusable Artificial Eyelashes Multipack of 24 Mini Lash Clusters for that Authentic Eyelash Extension Look,KISS,$6.47,yes,https://www.amazon.com/KISS-Falscara-Eyelash-Extension-Wispy/dp/B08SPVMDTV/ref=sr_1_192?qid=1689463122&s=beauty&sr=1-192
"Wet n Wild Ultimate Brow Micro Eyebrow Retractable Pencil, Dark Brown, Ultra Fine 1.5mm Tip, Draws Tiny Brow Hairs",wet n wild,$3.28,yes,https://www.amazon.com/Wet-Wild-Ultimate-Eyebrow-Pencil/dp/B07QHG4452/ref=sr_1_193?qid=1689463122&s=beauty&sr=1-193
"essence | Glimmer GLOW Lipstick | pH Color Changing Technology | Subtle & Sheer Pink | Vegan & Cruelty Free | Free From Parabens, Gluten, Oil, Preservatives & Microplastic Particles",essence cosmetics,Not available,No,https://www.amazon.com/essence-Lipstick-Technology-Provides-Preservative/dp/B08YFD3WSG/ref=sr_1_194?qid=1689463122&s=beauty&sr=1-194
Anastasia Beverly Hills - Brow Definer,Anastasia Beverly Hills,$26.00,yes,https://www.amazon.com/Anastasia-Beverly-Hills-Definer-Medium/dp/B01AO03JOY/ref=sr_1_195?qid=1689463122&s=beauty&sr=1-195
"False Eyelashes 14mm Faux 3D Mink Lashes Natural Look Fluffy Cat Eye Wispy Lashes Pack by Kiromiro, 14 Pairs",Kiromiro,$9.49,yes,https://www.amazon.com/Eyelashes-Lashes-Natural-Fluffy-Kiromiro/dp/B09MQCDVM7/ref=sr_1_196?qid=1689463122&s=beauty&sr=1-196
"IT Cosmetics Brow Power Eyebrow Pencil - Universal Shades - Long-Lasting, Budge-Proof Formula - With Biotin - Natural-Looking Brows - Built-in Spoolie Brush",IT Cosmetics,$26.00,yes,https://www.amazon.com/Brow-Power-Universal-Pencil/dp/B003VPTA2U/ref=sr_1_197?qid=1689463122&s=beauty&sr=1-197
"NYX PROFESSIONAL MAKEUP Plump Right Back Plumping Serum & Primer, With 5 Electrolytes",NYX PROFESSIONAL MAKEUP,"$11,90",No,https://www.amazon.com/NYX-PROFESSIONAL-MAKEUP-Plumping-Hyaluronic/dp/B09MHDDWT7/ref=sr_1_198?qid=1689463122&s=beauty&sr=1-198
"Peripera Ink the Velvet Lip Tint, Liquid Lip (0.14 fl oz, 028 MAUVEFUL NUDE)",Peripera,$9.90,yes,https://www.amazon.com/Peripera-Velvet-Tint-Liquid-MAUVEFUL/dp/B09PY71RSW/ref=sr_1_199?qid=1689463122&s=beauty&sr=1-199
"CLIO Kill Lash Superproof Mascara, Washable, Vegan Formula, Ultra-Volumizing, Smudge-Proof, Clump-Free, Curl-Holding, Long-Lasting, 0.24 fl oz (004 EXTREME VOLUME BLACK)",CLIO PROFESSIONAL,$14.90,yes,https://www.amazon.com/CLIO-Ultra-Volumizing-Smudge-Proof-Curl-Holding-Long-Lasting/dp/B09V2CW52W/ref=sr_1_200?qid=1689463122&s=beauty&sr=1-200
"NYX PROFESSIONAL MAKEUP Fat Oil Lip Drip, Moisturizing, Shiny and Vegan Tinted Lip Gloss - Newsfeed (Rose Nude)",NYX PROFESSIONAL MAKEUP,$8.99,yes,https://www.amazon.com/NYX-PROFESSIONAL-MAKEUP-Moisturizing-Tinted/dp/B0BL8HXJMX/ref=sr_1_201?qid=1689463122&s=beauty&sr=1-201
"Godefroy Instant Eyebrow Color, Medium Brown, 0.18 ounces, 12-weeks of long lasting, 3-applications per kit, 3 Count (Pack of 1)",Godefroy,"$13,39",yes,https://www.amazon.com/Godefroy-Instant-Eyebrow-12-weeks-3-applications/dp/B07SGY6WSB/ref=sr_1_202?qid=1689463122&s=beauty&sr=1-202
SHEGLAM 2 In 1 Black Volume and Length Waterproof Mascara Long Lasting Dual-Ended Tubing Eye Makeup,SHEGLAM,$8.49,yes,https://www.amazon.com/SHEGLAM-All-In-One-Volume-Length-Mascara/dp/B0BDQXZG41/ref=sr_1_203?qid=1689463122&s=beauty&sr=1-203
"KISS Looks So Natural False Eyelashes Multipack, Lightweight & Comfortable, Tapered End Technology, Reusable, Cruelty-Free, Contact Lens Friendly, Style 'Shy', 5 Pairs Fake Eyelashes",KISS,$8.99,yes,https://www.amazon.com/KISS-Lightweight-Comfortable-Natural-Looking-Cruelty-Free/dp/B079B8BFR3/ref=sr_1_204?qid=1689463122&s=beauty&sr=1-204
"Peripera Ink the Velvet Lip Tint, High Pigment Color, Longwear, Weightless, Not Animal Tested, Gluten-Free, Paraben-Free (040 CALM ROSY)",Peripera,$9.90,yes,https://www.amazon.com/Peripera-Longwear-Weightless-Gluten-Free-Paraben-Free/dp/B0BZYDJ6C1/ref=sr_1_197?qid=1689463125&s=beauty&sr=1-197
False Eyelashes Russian Strip Lashes D Curl Wispy Natural Look Faux Mink Lashes Like Eyelash Extension Fluffy zanlufly Transparent Band Cat Eye Fake Eyelashes Pack,zanlufly,$9.99,yes,https://www.amazon.com/Eyelashes-Russian-Extension-zanlufly-Transparent/dp/B09QHLBF4R/ref=sr_1_198?qid=1689463125&s=beauty&sr=1-198
"Peripera Ink the Velvet Lip Tint, Liquid Lip (0.14 fl oz, 018 STAR PLUM PINK)",Peripera,$9.90,yes,https://www.amazon.com/Peripera-Velvet-Tint-Liquid-0-14/dp/B0962JPXVZ/ref=sr_1_199?qid=1689463125&s=beauty&sr=1-199
"e.l.f, Hydrating Camo Concealer, Lightweight, Full Coverage, Long Lasting, Conceals, Corrects, Covers, Hydrates, Highlights, Light Sand, Satin Finish, 25 Shades, All-Day Wear, 0.20 Fl Oz",None,$7.00,yes,https://www.amazon.com/l-f-Cosmetics-Hydrating-Concealer-Full-coverage/dp/B07ZR14WBZ/ref=sr_1_200?qid=1689463125&s=beauty&sr=1-200
LONDONTOWN Illuminating Nail Concealer,LONDONTOWN,$20.00,yes,https://www.amazon.com/LONDONTOWN-Illuminating-Concealer-Cruelty-Paraben/dp/B09FBD5G9V/ref=sr_1_201?qid=1689463125&s=beauty&sr=1-201
"Maybelline New York Fit Me Matte + Poreless Pressed Face Powder Makeup & Setting Powder, Translucent, 1 Count",Maybelline New York,$6.94,yes,https://www.amazon.com/Maybelline-New-York-Poreless-Translucent/dp/B00PFCSNWA/ref=sr_1_202?qid=1689463125&s=beauty&sr=1-202
"e.l.f, Halo Glow Setting Powder, Silky, Weightless, Blurring, Smooths, Minimizes Pores and Fine Lines, Creates Soft Focus Effect, Light, Semi-Matte Finish, 0.24 Oz",e.l.f.,$8.00,yes,https://www.amazon.com/Setting-Weightless-Blurring-Minimizes-Semi-Matte/dp/B07ZR111LV/ref=sr_1_203?qid=1689463125&s=beauty&sr=1-203
"Rimmel Powder Natural Bronzer, Sun Bronze (34788724022)",Rimmel,$3.97,yes,https://www.amazon.com/Rimmel-Natural-Bronzer-Sun-Bronze/dp/B001B0H82Q/ref=sr_1_204?qid=1689463125&s=beauty&sr=1-204
"Maybelline New York TattooStudio Long-Lasting Sharpenable Eyeliner Pencil, Glide on Smooth Gel Pigments with 36 Hour Wear, Waterproof, Deep Onyx, 1 Count",Maybelline New York,$6.30,yes,https://www.amazon.com/Maybelline-New-York-Tattoostudio-Waterproof/dp/B07GX832KD/ref=sr_1_205?qid=1689463125&s=beauty&sr=1-205
"Mascara by Revlon, So Fierce Big Bad Lash Eye Makeup, Volumizing, Lasts up to 24 Hours, No Clump, Smudge Proof, Flake Proof, Blackest Black (760), 0.34 Fl Oz",REVLON,$8.42,yes,https://www.amazon.com/REVLON-Fierce-Mascara-fluid_ounces-Blackest/dp/B08NSVTL6C/ref=sr_1_206?qid=1689463125&s=beauty&sr=1-206
"e.l.f. Expert Liquid Liner 2-Pack, High-Pigmented, Extra-Fine Liquid Eyeliner For Precise Definition, Long-Lasting, Vegan & Cruelty-Free, Jet Black",e.l.f.,$5.00,yes,https://www.amazon.com/l-f-High-Pigmented-Extra-Fine-Long-Lasting-Cruelty-Free/dp/B0BSR7D8RB/ref=sr_1_208?qid=1689463125&s=beauty&sr=1-208
"Neutrogena Healthy Skin Anti-Aging Perfector Tinted Facial Moisturizer and Retinol Treatment with Broad Spectrum SPF 20 Sunscreen with Titanium Dioxide, 20 Fair to Light, 1 fl. oz",Neutrogena,$9.79,yes,https://www.amazon.com/Neutrogena-Healthy-Anti-Aging-Perfector-Treatment/dp/B01BF6UX5E/ref=sr_1_213?qid=1689463125&s=beauty&sr=1-213
Newcally Lashes False Eyelashes Cat Eyes Wispy Natural Faux Mink Lashes 14 Pairs Pack Light Volume Short Fake Eye Lashes Multipack,Newcally,$9.45,yes,https://www.amazon.com/Newcally-Lashes-False-Eyelashes-Natural/dp/B089LLLYX9/ref=sr_1_214?qid=1689463125&s=beauty&sr=1-214
NYX PROFESSIONAL MAKEUP Color Correcting Concealer Palette,None,$11.73,yes,https://www.amazon.com/NYX-PROFESSIONAL-MAKEUP-Concealer-Correcting/dp/B00VF9Z7OE/ref=sr_1_215?qid=1689463125&s=beauty&sr=1-215
"e.l.f. High Definition Powder, Loose Powder, Lightweight, Long-Lasting, Creates Soft Focus Effect, Masks Fine Lines & Imperfections, 0.28 Oz, Sheer",e.l.f.,$6.00,yes,https://www.amazon.com/l-f-Definition-Powder-Flawless-Lightweight/dp/B004DIXYUI/ref=sr_1_216?qid=1689463125&s=beauty&sr=1-216
"e.l.f, Perfect Finish HD Powder, Convenient, Portable Compact, Fills Fine Lines, Blurs Imperfections, Soft, Smooth Finish, Anytime Wear, 0.28 Oz",e.l.f.,$6.00,yes,https://www.amazon.com/Perfect-Convenient-Portable-Compact-Imperfections/dp/B01D1DRF9Q/ref=sr_1_217?qid=1689463125&s=beauty&sr=1-217
USDA Organic Castor Oil for Eyelashes and Eyebrows - All Natural Cold Pressed Castor Oil Eyelash Growth Serum with Mascara Tube - Caster Oil Eyebrow Growth Serum Eyelash Conditioner Lash Boost Serum,Live Fraiche,$13.99,No,https://www.amazon.com/USDA-Organic-Castor-Eyelashes-Eyebrows/dp/B01ICGFKDU/ref=sr_1_218?qid=1689463125&s=beauty&sr=1-218
"Wet n Wild MegaGlo Makeup Stick Conceal and Contour Brown Where's Walnut?,1.1 Ounce (Pack of 1),806",wet n wild,$3.99,yes,https://www.amazon.com/Wet-Wild-Megaglo-Makeup-806/dp/B01MZ7A0OF/ref=sr_1_219?qid=1689463125&rdc=1&s=beauty&sr=1-219
Grande Cosmetics GrandePRIMER Pre-Mascara Lengthener & Thickener,Grande Cosmetics,$15.00,yes,https://www.amazon.com/Grande-Cosmetics-GN1007-GrandePRIMER/dp/B00XNDBSJ8/ref=sr_1_220?qid=1689463125&s=beauty&sr=1-220
Lash Bond and Seal 10ml Individual Lashes Glue and Seal Super Strong Hold DIY Lash Extension Kit Hold 48-72 Hours Waterproof Cluster Lash Glue Latexfree Eyelash Extension Kit,FADLASH,"$13,95",yes,https://www.amazon.com/Lash-Bond-Seal-Individual-Waterproof/dp/B0BRQFBGZN/ref=sr_1_221?qid=1689463125&s=beauty&sr=1-221
"Maybelline New York Super Stay Vinyl Ink Longwear No-Budge Liquid Lipcolor Makeup, Highly Pigmented Color and Instant Shine, Cheeky, Rose Nude Lipstick, 0.14 fl oz, 1 Count",Maybelline New York,$9.98,yes,https://www.amazon.com/Maybelline-Longwear-No-Budge-Lipcolor-Pigmented/dp/B09QH8148N/ref=sr_1_222?qid=1689463125&s=beauty&sr=1-222
"Maybelline New York Volum' Express Colossal Washable Mascara Makeup, Volumizing, Glam Black, 1 Count",Maybelline New York,"$6,84",yes,https://www.amazon.com/Maybelline-Express-Colossal-Washable-Mascara/dp/B002ZTVMDI/ref=sr_1_223?qid=1689463125&s=beauty&sr=1-223
"Julep Eyeshadow 101 Crème to Powder Waterproof Eyeshadow Stick, Stone Matte",Julep,Not available,No,https://www.amazon.com/Julep-Eyeshadow-Cr%C3%A8me-Powder-Waterproof/dp/B01LW19NI2/ref=sr_1_224?qid=1689463125&s=beauty&sr=1-224
"twenty/twenty beauty Get Growing Lash & Brow Serum with Castor Oil for Longer, Fuller, Thicker Looking Lashes, Natural and Physician Developed, 0.33 Fl Oz",twenty/twenty beauty,$46.80 ,yes,https://www.amazon.com/sspa/click?ie=UTF8&spc=MTo3NTM4MTQxNTY1MTk5NzExOjE2ODk0NjMxMjU6c3BfbXRmX2Jyb3dzZToyMDAwOTc5NjY4Mzc1OTg6OjA6Og&url=%2Ftwenty-beauty-Lengthening-Conditioning-Eyelashes%2Fdp%2FB0BCMK1VPT%2Fref%3Dsr_1_228_sspa%3Fqid%3D1689463125%26s%3Dbeauty%26sr%3D1-228-spons%26sp_csd%3Dd2lkZ2V0TmFtZT1zcF9tdGZfYnJvd3Nl%26psc%3D1
"NYX PROFESSIONAL MAKEUP Pore Filler Blurring Primer, Vegan Face Primer",NYX PROFESSIONAL MAKEUP,$11.64,yes,https://www.amazon.com/NYX-Professional-Makeup-Filler-Ounce/dp/B007NNU2WI/ref=sr_1_229?qid=1689463125&s=beauty&sr=1-229
"Rimmel Scandaleyes Waterproof Gel Eye Liner Pencil, Black 001",Rimmel,$4.79,yes,https://www.amazon.com/Rimmel-Scandaleyes-Waterproof-Kajal-Liner/dp/B00DNK5UR2/ref=sr_1_230?qid=1689463125&s=beauty&sr=1-230
"Youthforia BYO Blush, Color Changing Blush Oil, Reacts To Skin’s Natural pH For Your Instant Perfect Shade, Blendable Formula, Vegan & Cruelty-Free",Youthforia,$36.00,yes,https://www.amazon.com/Youthforia-BYO-Blush-Green-Changing/dp/B09CLT4GB6/ref=sr_1_231?qid=1689463125&s=beauty&sr=1-231
"Julep Eyeshadow 101 Crème to Powder Waterproof Eyeshadow Stick, Taupe Shimmer",Julep,$16.00,yes,https://www.amazon.com/Julep-Eyeshadow-Powder-Waterproof-Shimmer/dp/B01LW17NAM/ref=sr_1_232?qid=1689463125&s=beauty&sr=1-232
"NYX PROFESSIONAL MAKEUP Butter Gloss, Non-Sticky Lip Gloss - Tiramisu (Brown)",NYX PROFESSIONAL MAKEUP,$4.99,yes,https://www.amazon.com/NYX-PROFESSIONAL-MAKEUP-Butter-Tiramisu/dp/B00BKHDF9A/ref=sr_1_233?qid=1689463125&s=beauty&sr=1-233
"AYASAL Lash Lift Kit Eyelash Perm Kit, With Detailed Instruction Eyelash Lift Kit, Easy for Beginner and Professional Lash Perm Kit, Achieve Salon-Quality Lashes Lift with Safe and Effective Result",AYASAL,"$24,99",yes,https://www.amazon.com/AYASAL-Long-Lasting-Professional-Semi-Permanent-Quality/dp/B08M2HRV2W/ref=sr_1_234?qid=1689463125&s=beauty&sr=1-234
Lancôme La Base Pro Makeup Primer For Face - Perfecting & Smoothing Makeup Base - Oil-Free - 0.8 Fl Oz,Lancôme,$42.00,yes,https://www.amazon.com/Perfecting-Makeup-Primer-Smoothing-Lancome/dp/B00G40FJH4/ref=sr_1_235?qid=1689463125&s=beauty&sr=1-235
Mink Lashes Natural Look False Eyelashes Fluffy Flat Eyelashes 3D Mink Lashes Wispy Strips Lashes 7 Pairs Multipack by Focipeysa,Focipeysa,$8.49,yes,https://www.amazon.com/Lashes-Natural-Eyelashes-Multipack-Focipeysa/dp/B0BQRB8VT5/ref=sr_1_236?qid=1689463125&s=beauty&sr=1-236
"Maybelline New York Fit Me Matte + Poreless Liquid Oil-Free Foundation Makeup, Natural Beige, 1 fl; oz",None,$6.94,yes,https://www.amazon.com/Maybelline-Poreless-Foundation-Natural-Oil-Free/dp/B00PFCSURS/ref=sr_1_237?qid=1689463125&s=beauty&sr=1-237
"CETAPHIL Redness Relieving Daily Facial Moisturizer SPF 20, 1.7 fl oz, Broad spectrum Sunscreen, Neutral Tint, For Redness-Prone Skin",Cetaphil,$13.99,yes,https://www.amazon.com/Cetaphil-Redness-Relieving-Facial-Moisturizer/dp/B01M31HUYJ/ref=sr_1_238?qid=1689463125&rdc=1&s=beauty&sr=1-238
"NYX PROFESSIONAL MAKEUP Epic Wear Liquid Liner, Long-Lasting Waterproof Eyeliner - Black",NYX PROFESSIONAL MAKEUP,$8.64,yes,https://www.amazon.com/NYX-PROFESSIONAL-MAKEUP-Liquid-Eyeliner/dp/B0856FBCS4/ref=sr_1_239?qid=1689463125&s=beauty&sr=1-239
"L’Oréal Paris Makeup Infallible Never Fail Original Mechanical Pencil Eyeliner with Built in Sharpener, Black, 1 Count",L’Oréal Paris,$7.82,yes,https://www.amazon.com/LOr%C3%A9al-Paris-Makeup-Infallible-Eyeliner/dp/B004BDVF6A/ref=sr_1_240?qid=1689463125&s=beauty&sr=1-240
"Prime Prometics PrimeLash Mascara for Women over 50 – Volumizing, Incredible Length in 2 Coats – Long-Stay, Zero Clumps, Hypoallergenic (Black)",PRIME PROMETICS,$28.00,yes,https://www.amazon.com/Prime-Prometics-PrimeLash-Mascara-Women/dp/B0BG6FXQCC/ref=sr_1_241?qid=1689463125&s=beauty&sr=1-241
"Peripera Ink the Velvet Lip Tint | High Pigment Color, Longwear, Weightless, Not Animal Tested, Gluten-Free, Paraben-Free | #015 BEAUTY PEAK ROSE, 0.14 fl oz",Peripera,$9.90,yes,https://www.amazon.com/Peripera-Longwear-Weightless-Gluten-Free-Paraben-Free/dp/B087J7WY3J/ref=sr_1_242?qid=1689463125&s=beauty&sr=1-242
Broadway Vita-Lip Clear Lip Gloss 0.47oz/14ml (10 PCS SET),Broadway,$8.49,yes,https://www.amazon.com/Broadway-Vita-Lip-Clear-Gloss-0-47oz/dp/B09DMGWJKY/ref=sr_1_243?qid=1689463125&s=beauty&sr=1-243
"wet n wild Color Icon Kohl Eyeliner Pencil Black, Long Lasting, Highly Pigmented, No Smudging, Smooth Soft Gliding, Eye Liner Makeup, Baby's Got Black",wet n wild,$1.00,yes,https://www.amazon.com/Color-Eyeliner-Pencil-Babys-Black/dp/B00UZ8X9H8/ref=sr_1_244?qid=1689463125&s=beauty&sr=1-244
"Maybelline New York Volum' Express Colossal Waterproof Mascara Makeup, Volumizing, Glam Black, 1 Count",Maybelline New York,"$6,72",yes,https://www.amazon.com/Maybelline-Express-Colossal-Waterproof-Mascara/dp/B002LFLVFK/ref=sr_1_245?qid=1689463125&s=beauty&sr=1-245
"wet n wild Silk Finish Lip Stick, Just Garnet, 0.13 Ounce",wet n wild,$0.98,yes,https://www.amazon.com/wet-wild-Finish-Stick-Garnet/dp/B00YFQ1JH8/ref=sr_1_246?qid=1689463125&s=beauty&sr=1-246
"e.l.f. Camo Color Corrector, Hydrating & Long-Lasting Color Corrector For Camouflaging Discoloration, Dullness & Redness, Vegan & Cruelty-Free, Orange",None,$4.00,yes,https://www.amazon.com/l-f-Long-Lasting-Camouflaging-Discoloration-Cruelty-Free/dp/B0BSP3FS7W/ref=sr_1_247?qid=1689463125&s=beauty&sr=1-247
"URBAN DECAY Naked Mini Eyeshadow Palette - 6 Shades - Great for Travel - Ultra-Blendable, Rich Colors with Velvety Texture - Up to 12 Hour Wear",None,$33.00 ,yes,https://www.amazon.com/Urban-Decay-Naked-Eyeshadow-Palette/dp/B09V3D93G1/ref=sr_1_248?qid=1689463125&s=beauty&sr=1-248
"Sacheu Lip Liner Stay-N - Peel Off Lip Liner Tattoo, Peel Off Lip Stain, Long Lasting Lip Stain Peel Off, Infused with Hyaluronic Acid & Vitamin E, For All Skin Types - p-INKED Shade, Pack of 1",Sacheu,"$12,00",No,https://www.amazon.com/Sacheu-Lip-Liner-Stay-N-Hyaluronic/dp/B0BVPNQW1C/ref=sr_1_249?qid=1689463125&s=beauty&sr=1-249
"L’Oréal Paris Cosmetics Telescopic Lift Waterproof Mascara, Lengthening and Volumizing Eye Makeup, Lash Lift with Up to 36HR Wear, Black, 0.33 Fl Oz",L’Oréal Paris,$11.99,yes,https://www.amazon.com/Paris-Telescopic-Waterproof-Lengthening-Volumizing/dp/B0BCQYNB8Y/ref=sr_1_250?qid=1689463125&s=beauty&sr=1-250
"wet n wild Color Icon Kohl Liner Pencil, Simma Brown Now!, 0.04 Ounce",wet n wild,$0.89,yes,https://www.amazon.com/wet-wild-Color-Liner-Pencil/dp/B00WT26UX8/ref=sr_1_251?qid=1689463125&s=beauty&sr=1-251
Grande Cosmetics GrandeLIPS Plumper,Grande Cosmetics,$14.00,yes,https://www.amazon.com/GrandeLIPS-Hydrating-Plumper-Gloss-Clear/dp/B00T5DZ4C2/ref=sr_1_252?qid=1689463125&s=beauty&sr=1-252
"NYX PROFESSIONAL MAKEUP Butter Gloss, Non-Sticky Lip Gloss - Praline (Deep Nude)",NYX PROFESSIONAL MAKEUP,$4.97,yes,https://www.amazon.com/NYX-PROFESSIONAL-MAKEUP-Butter-Praline/dp/B00ICU1JIC/ref=sr_1_245?qid=1689463128&s=beauty&sr=1-245
"NYX PROFESSIONAL MAKEUP Concealer Wand, Fair, 0.11-Ounce",None,$4.97,yes,https://www.amazon.com/NYX-Cosmetics-Concealer-Wand-0-11-Ounce/dp/B002S8Z5CK/ref=sr_1_246?qid=1689463128&s=beauty&sr=1-246
wet n wild Mega Slicks Lip Gloss | Long Lasting | Hyaluronic Acid | High Shine | Crystal Clear,wet n wild,$2.28,yes,https://www.amazon.com/Wet-Wild-Lasting-Hyaluronic-Crystal/dp/B09NX3KFM8/ref=sr_1_247?qid=1689463128&s=beauty&sr=1-247
"Peripera Ink the Velvet Lip Tint, Liquid Lip (0.14 fl oz, 025 CINNAMON NUDE)",Peripera,$9.90,yes,https://www.amazon.com/Peripera-Velvet-Tint-Liquid-CINNAMON/dp/B09PYLBZJN/ref=sr_1_248?qid=1689463128&s=beauty&sr=1-248
"NYX PROFESSIONAL MAKEUP Lift & Snatch Brow Tint Pen, Espresso",NYX PROFESSIONAL MAKEUP,$10.66,yes,https://www.amazon.com/NYX-PROFESSIONAL-MAKEUP-Snatch-Espresso/dp/B08MRMLTKQ/ref=sr_1_249?qid=1689463128&s=beauty&sr=1-249
"got2b glue 4 brows & edges, 2in1 brow gel & hair mascara, with practical, two-sided eyebrow brush for styling and fixing baby hair, vegan formula, 16 ml",Got2B,"$7,99",yes,https://www.amazon.com/got2b-mascara-practical-two-sided-eyebrow/dp/B09BP93DP8/ref=sr_1_250?qid=1689463128&s=beauty&sr=1-250
"Peripera Ink Airy Velvet Lip Tint, Liquid Lip (0.14 fl oz, 021 FLUFFY PEACH)",Peripera,$9.90,yes,https://www.amazon.com/Peripera-Velvet-High-Pigmentation-Lightweight-Moisturizing/dp/B0B2QRHZFX/ref=sr_1_251?qid=1689463128&s=beauty&sr=1-251
BOOM! by Cindy Joseph Cosmetics Boomstick Color - Lip & Cheek Tint Makeup Sticks for Older Women & Mature Skin - Cream Blush Stick for Cheeks & Lips,BOOM! by Cindy Joseph,$28.00,yes,https://www.amazon.com/BOOM-Cindy-Joseph-Cosmetics-Boomstick/dp/B08V1CG1GF/ref=sr_1_252?qid=1689463128&s=beauty&sr=1-252
MILK MAKEUP Hydro Grip Hydrating Makeup Primer 1.52 oz/ 45 mL,Milk Makeup,$38.00,yes,https://www.amazon.com/MILK-MAKEUP-Hydro-Grip-Primer/dp/B07NRT288M/ref=sr_1_253?qid=1689463128&s=beauty&sr=1-253
"Peripera Ink the Velvet Lip Tint, Liquid Lip (0.14 fl oz, 024 MILKY NUDE)",Peripera,$9.90,yes,https://www.amazon.com/Peripera-Velvet-Tint-Liquid-MILKY/dp/B09PYSKXFL/ref=sr_1_254?qid=1689463128&s=beauty&sr=1-254
"Maybelline New York Facestudio Lasting Fix Makeup Setting Spray, Matte Finish, 3.4 fl. oz.",Maybelline New York,$7.94,yes,https://www.amazon.com/Maybelline-New-York-Facestudio-Lasting/dp/B07PGQDBWG/ref=sr_1_255?qid=1689463128&s=beauty&sr=1-255
"Julep Eyeshadow 101 Crème to Powder Waterproof Eyeshadow Stick, Mink Mauve Metallic",Julep,$16.00,yes,https://www.amazon.com/Julep-Eyeshadow-Powder-Waterproof-Metallic/dp/B09J2BPN5K/ref=sr_1_256?qid=1689463128&s=beauty&sr=1-256
"Benefit Bad Gal Bang Volumizing Mascara, Regular Size, 0.3 Fl Oz, Black",Benefit,"$21,99",yes,https://www.amazon.com/Benefit-Bang-Mascara-Travel-Size/dp/B079K4N4GM/ref=sr_1_261?qid=1689463128&s=beauty&sr=1-261
ETUDE Dear Darling Water Tint #4 Red Grapefruit Ade | Vivid Color Lip Stain with Moisturizing Weightless & Non-sticky Finish Lip Stain | Smudge-proof & Lightweight Lip Tint | K-beauty,Etude House,$6.50,yes,https://www.amazon.com/Grapefruit-Moisturizing-Weightless-Smudge-proof-Lightweight/dp/B0C1Z5R9BX/ref=sr_1_262?qid=1689463128&s=beauty&sr=1-262
"NYX PROFESSIONAL MAKEUP Mechanical Eyeliner Pencil, Bronze",NYX PROFESSIONAL MAKEUP,$6.50,yes,https://www.amazon.com/NYX-Mechanical-Eye-Pencil-Bronze/dp/B005G9EA9M/ref=sr_1_263?qid=1689463128&s=beauty&sr=1-263
"e.l.f. Halo Glow Liquid Filter, Complexion Booster For A Glowing, Soft-Focus Look, Infused With Hyaluronic Acid, Vegan & Cruelty-Free, 5 Medium/Tan",e.l.f.,$14.00,yes,https://www.amazon.com/l-f-Complexion-Soft-Focus-Hyaluronic-Cruelty-Free/dp/B0B5MHD48T/ref=sr_1_264?qid=1689463128&s=beauty&sr=1-264
Manga Lashes Natural Look False Eyelashes Anime Lashes Mink Wispy Fluffy Spiky 3D Volume Eyelashes Pack Korean Japanese Asian Cosplay Fake Eyelashes Look Like Individual Cluster 7 Pairs by EYDEVRO,EYDEVRO,$7.96,yes,https://www.amazon.com/Natural-Eyelashes-Japanese-Individual-EYDEVRO/dp/B0BJZ945CQ/ref=sr_1_265?qid=1689463128&s=beauty&sr=1-265
"NYX PROFESSIONAL MAKEUP Tinted Eyebrow Mascara, Brunette",NYX PROFESSIONAL MAKEUP,$8.50,yes,https://www.amazon.com/NYX-PROFESSIONAL-MAKEUP-Mascara-Brunette/dp/B00P1HO2BU/ref=sr_1_266?qid=1689463128&s=beauty&sr=1-266
"Hydrating Lip Glow Oil, Moisturizing Lip Glow Oil, Lip Plumper Gloss, Transparent Lip Gloss, Lip Oil, Plumping Lip Oil, Lip Balm, Tinted Lip Balm Lip Care (Cherry)",Fovcos,$4.99,yes,https://www.amazon.com/Hydrating-Moisturizing-Plumper-Transparent-Plumping/dp/B0C4TDW9R4/ref=sr_1_267?qid=1689463128&s=beauty&sr=1-267
"Ardell False Eyelashes Demi Wispies Black, 1 pack (6 pairs per pack)",Ardell,"$9,08",yes,https://www.amazon.com/5-Pack-Demi-Wispies-Lashes/dp/B00YYHHI1E/ref=sr_1_268?qid=1689463128&s=beauty&sr=1-268
"Peripera Ink the Velvet Lip Tint, Liquid Lip (0.14 fl oz, 022 BOUQUET NUDE)",Peripera,$9.90,yes,https://www.amazon.com/Peripera-Velvet-Tint-Liquid-BOUQUET/dp/B09J14XLCY/ref=sr_1_269?qid=1689463128&s=beauty&sr=1-269
Eyeko Beach Waterproof Mascara,Eyeko,$24.00 ,yes,https://www.amazon.com/Eyeko-Beach-Waterproof-Mascara-0-04/dp/B07DX54KPQ/ref=sr_1_270?qid=1689463128&s=beauty&sr=1-270
"Rimmel Stay Matte Mattifying Primer, 1 oz, Pack of 1",Rimmel,$5.97,yes,https://www.amazon.com/Rimmel-Refines-Smooths-Standalone-Matteifying/dp/B00I9X3UKM/ref=sr_1_271?qid=1689463128&s=beauty&sr=1-271
ETUDE Dear Darling Water Tint Strawberry Ade (21AD) | Bright Vivid Color Lip Tint with Moisturizing Pomegranate & Grapefruit Extract to Hydrate your Lips,Etude House,$6.50,yes,https://www.amazon.com/Darling-Strawberry-Moisturizing-Pomegranate-Grapefruit/dp/B099RVK69C/ref=sr_1_272?qid=1689463128&s=beauty&sr=1-272
NATASHA MOOR Legendary Lip Liner Unbreakable (Unbreakable),NATASHA MOOR,"$18,00",yes,https://www.amazon.com/sspa/click?ie=UTF8&spc=MTozNjA5ODYyNzM3NjE4ODYyOjE2ODk0NjMxMjg6c3BfbXRmX2Jyb3dzZTozMDAwMTMzNTMxMzYxMDI6OjA6Og&url=%2FNATASHA-MOOR-Legendary-Liner-Unbreakable%2Fdp%2FB0BWF8ZQWV%2Fref%3Dsr_1_274_sspa%3Fqid%3D1689463128%26s%3Dbeauty%26sr%3D1-274-spons%26sp_csd%3Dd2lkZ2V0TmFtZT1zcF9tdGZfYnJvd3Nl%26psc%3D1
"Maybelline New York Fit Me Liquid Concealer Makeup, Natural Coverage, Lightweight, Conceals, Covers Oil-Free, Light, 1 Count",None,$3.41,yes,https://www.amazon.com/Maybelline-Concealer-Natural-Coverage-Oil-Free/dp/B0046VJTX8/ref=sr_1_277?qid=1689463128&s=beauty&sr=1-277
"L’Oréal Paris Infallible Never Fail Eyeliner, Carbon Black [591], 0.008 oz",L’Oréal Paris,$5.99,yes,https://www.amazon.com/LOreal-Infallible-Never-Eyeliner-Carbon/dp/B004BD0YI0/ref=sr_1_278?qid=1689463128&s=beauty&sr=1-278
"Julep Eyeshadow 101 Crème to Powder Waterproof Eyeshadow Stick, Putty Matte",Julep,$16.00,yes,https://www.amazon.com/Julep-Eyeshadow-Cr%C3%A8me-Powder-Waterproof/dp/B01LVYL8OU/ref=sr_1_279?qid=1689463128&s=beauty&sr=1-279
"Maybelline New York Brow Ultra Slim Defining Eyebrow Pencil, Soft Brown, 0.003 oz.",Maybelline New York,$7.98,yes,https://www.amazon.com/Maybelline-New-York-defining-eyebrow/dp/B07PDMZ85R/ref=sr_1_280?qid=1689463128&s=beauty&sr=1-280
"HEIMISH All Clean Balm 4.0fl.oz/120ml - Multi-Purpose Cleansing Balm | Makeup Remover, Face Wash, Pore Care, Blackhead Care, Moisturizer | Natural Aroma Oil, Balm-to-Oil Formula | Korean Skincare",HEIMISH,$14.49,yes,https://www.amazon.com/heimish-Clean-4-0fl-oz-120ml-Balm/dp/B01CJ639SM/ref=sr_1_281?qid=1689463128&s=beauty&sr=1-281
"BIC BodyMark Temporary Tattoo Markers for Skin (MTBP81-AST), Color Collection, Flexible Brush Tip, 8-Count Pack of Assorted Colors, Skin-Safe*, Cosmetic Quality",BIC,$29.49,yes,https://www.amazon.com/BIC-BodyMark-Temporary-Assorted-8-Count/dp/B07MMZ8Y1V/ref=sr_1_282?qid=1689463128&s=beauty&sr=1-282
Westmore Beauty Body Coverage Perfector 2.5 Oz/ 74ml (Natural Radiance) - Waterproof Leg And Body Makeup For Tattoo Cover Up And More - The Best Tattoo Cover Up Leg Makeup,None,$39.00,yes,https://www.amazon.com/Westmore-Beauty-Coverage-Perfector-natural-radiance/dp/B07CF7BVZK/ref=sr_1_283?qid=1689463128&s=beauty&sr=1-283
"Maybelline Full 'N Soft Washable Mascara, Very Black, 1 Count",Maybelline,$7.98,yes,https://www.amazon.com/Maybelline-Makeup-Washable-Mascara-Volumizing/dp/B0000536M2/ref=sr_1_284?qid=1689463128&s=beauty&sr=1-284
"Maybelline New York Super Stay Matte Ink Liquid Lipstick Makeup, Long Lasting High Impact Color, Up to 16H Wear, Exhilarator, Ruby Red, 1 Count",Maybelline New York,$7.98,yes,https://www.amazon.com/Maybelline-SuperStay-Long-lasting-Pigmented-Exhilarator/dp/B08H4FSGDX/ref=sr_1_285?qid=1689463128&s=beauty&sr=1-285
"Tatcha The Silk Canvas | Velvety Makeup Perfecting Primer Helps Makeup Last Longer and Instantly Perfects Skin, 20 G | 0.7 oz",TATCHA,$54.00,yes,https://www.amazon.com/Tatcha-The-Silk-Canvas/dp/B079NRPHK2/ref=sr_1_286?qid=1689463128&s=beauty&sr=1-286
"KIMUSE Soft Cream Blush Makeup, Liquid Blush for Cheeks, Weightless, Long-Wearing, Smudge Proof, Natural-Looking, Dewy Finish",KIMUSE,$9.99,yes,https://www.amazon.com/KIMUSE-Makeup-Weightless-Long-Wearing-Natural-Looking/dp/B09ZSXR1YY/ref=sr_1_287?qid=1689463128&s=beauty&sr=1-287
"Grande Cosmetics GrandeDRAMA Intense Thickening Mascara with Castor Oil, Volumizing, Conditioning, Buildable Formula",Grande Cosmetics,$25.00,yes,https://www.amazon.com/GrandeDRAMA-Intense-Thickening-Mascara-Castor/dp/B07R92F8RH/ref=sr_1_288?qid=1689463128&s=beauty&sr=1-288
Julep It's Balm: Tinted Lip Balm + Buildable Lip Color - Vintage Mauve - Natural Gloss Finish - Hydrating Vitamin E Core - Vegan,Julep,$12.00,yes,https://www.amazon.com/Julep-Its-Balm-Buildable-Hydrating/dp/B01FSJV3XK/ref=sr_1_289?qid=1689463128&s=beauty&sr=1-289
"NOONI Korean Lip Oil - Appleplum | with Apple Seed Oil, Lip Stain, Gift, Moisturizing, Glowing, Revitalizing, and Tinting for Dry Lips, 0.12 Fl Oz (Deep Purple)",NOONI,$9.60,yes,https://www.amazon.com/NOONI-Korean-Lip-Oil-Moisturizing/dp/B0BLRKW2S4/ref=sr_1_290?qid=1689463128&s=beauty&sr=1-290
"Natural Bamboo Charcoal Oil Absorbing Tissues - 100 Counts, Easy Take Out Design - Top Oil Blotting Paper, Premium Handy Face Blotting Sheets - Facial Skin Care or Make Up Must Have!",PleasingCare,$6.95,yes,https://www.amazon.com/Natural-Bamboo-Charcoal-Absorbing-Tissues/dp/B00XENXJTO/ref=sr_1_291?qid=1689463128&s=beauty&sr=1-291
"Oil Control Film Replacment for Clean & Clear Oil-absorbing Sheets,2 Pack (120 sheets) Oil Blotting Sheets For Face,9% Larger Makeup Friendly High-performance Handy Face Blotting Paper for Oily Skin",Beauty Kate,$11.99,yes,https://www.amazon.com/Beauty-Kate-Compatible-Replacment-Oil-absorbing/dp/B075182WTW/ref=sr_1_292?qid=1689463128&s=beauty&sr=1-292
"NYX PROFESSIONAL MAKEUP Fat Oil Lip Drip, Moisturizing, Shiny and Vegan Tinted Lip Gloss - Supermodel (Shimmering Magenta)",NYX PROFESSIONAL MAKEUP,$8.99,yes,https://www.amazon.com/NYX-PROFESSIONAL-MAKEUP-Moisturizing-Tinted/dp/B0BL94TDYQ/ref=sr_1_293?qid=1689463128&s=beauty&sr=1-293
Perricone MD No Makeup Mascara 0.28 Ounce,Perricone MD,$30.00 ,yes,https://www.amazon.com/Perricone-MD-Makeup-Mascara-0-15/dp/B07WMJYQV5/ref=sr_1_294?qid=1689463128&s=beauty&sr=1-294
"Cliganic Organic Castor Oil, 100% Pure (4oz with Eyelash Kit) - For Eyelashes, Eyebrows, Hair & Skin",None,$9.99,yes,https://www.amazon.com/Cliganic-Organic-Castor-100-Eyelash/dp/B08VWLFJJ9/ref=sr_1_295?qid=1689463128&s=beauty&sr=1-295
